-- phpMyAdmin SQL Dump
-- version 5.2.1
-- https://www.phpmyadmin.net/
--
-- Hôte : 127.0.0.1
-- Généré le : jeu. 02 oct. 2025 à 03:20
-- Version du serveur : 10.4.32-MariaDB
-- Version de PHP : 8.2.12

SET SQL_MODE = "NO_AUTO_VALUE_ON_ZERO";
START TRANSACTION;
SET time_zone = "+00:00";


/*!40101 SET @OLD_CHARACTER_SET_CLIENT=@@CHARACTER_SET_CLIENT */;
/*!40101 SET @OLD_CHARACTER_SET_RESULTS=@@CHARACTER_SET_RESULTS */;
/*!40101 SET @OLD_COLLATION_CONNECTION=@@COLLATION_CONNECTION */;
/*!40101 SET NAMES utf8mb4 */;

--
-- Base de données : `nuxt_symfony_db`
--

-- --------------------------------------------------------

--
-- Structure de la table `authors`
--

CREATE TABLE `authors` (
  `id` int(11) NOT NULL,
  `first_name` varchar(255) NOT NULL,
  `last_name` varchar(255) NOT NULL,
  `biography` longtext DEFAULT NULL,
  `birth_date` date DEFAULT NULL,
  `nationality` varchar(255) DEFAULT NULL,
  `created_at` datetime NOT NULL,
  `updated_at` datetime DEFAULT NULL
) ENGINE=InnoDB DEFAULT CHARSET=utf8mb4 COLLATE=utf8mb4_general_ci;

--
-- Déchargement des données de la table `authors`
--

INSERT INTO `authors` (`id`, `first_name`, `last_name`, `biography`, `birth_date`, `nationality`, `created_at`, `updated_at`) VALUES
(1, 'Eiichiro', 'Oda', NULL, '1975-01-01', 'Japonaise', '2025-10-02 01:33:18', '2025-10-02 01:33:18'),
(2, 'Masashi', 'Kishimoto', 'Mangaka japonais créateur de Naruto', '1974-11-08', 'Japonaise', '2025-10-01 19:02:15', '2025-10-01 19:02:15'),
(3, 'Kohei', 'Horikoshi', 'Mangaka japonais créateur de My Hero Academia', '1986-11-20', 'Japonaise', '2025-10-01 19:02:15', '2025-10-01 19:02:15'),
(4, 'Makoto', 'Yukimura', 'Mangaka japonais créateur de Vinland Saga', '1976-05-08', 'Japonaise', '2025-10-01 19:02:15', '2025-10-01 19:02:15'),
(5, 'Fuse', '', 'Auteur japonais de light novels', '1980-01-01', 'Japonaise', '2025-10-01 19:02:15', '2025-10-01 19:02:15'),
(6, 'Taiki', 'Kawakami', 'Mangaka japonais adaptateur de That Time I Got Reincarnated as a Slime', '1985-01-01', 'Japonaise', '2025-10-01 19:02:15', '2025-10-01 19:02:15'),
(7, 'Isaac', 'Asimov', NULL, '1920-01-02', 'Américaine', '2025-10-02 00:43:19', '2025-10-02 00:43:19'),
(8, 'J.R.R.', 'Tolkien', NULL, '1892-01-03', 'Anglaise', '2025-10-02 01:38:00', '2025-10-02 01:38:00');

-- --------------------------------------------------------

--
-- Structure de la table `books`
--

CREATE TABLE `books` (
  `id` int(11) NOT NULL,
  `titre` varchar(255) NOT NULL,
  `description` longtext DEFAULT NULL,
  `prix` decimal(10,2) NOT NULL,
  `image` varchar(255) DEFAULT NULL,
  `stock` int(11) NOT NULL,
  `isbn` varchar(255) DEFAULT NULL,
  `date_publication` date DEFAULT NULL,
  `nombre_pages` int(11) DEFAULT NULL,
  `created_at` datetime NOT NULL,
  `updated_at` datetime DEFAULT NULL
) ENGINE=InnoDB DEFAULT CHARSET=utf8mb4 COLLATE=utf8mb4_general_ci;

--
-- Déchargement des données de la table `books`
--

INSERT INTO `books` (`id`, `titre`, `description`, `prix`, `image`, `stock`, `isbn`, `date_publication`, `nombre_pages`, `created_at`, `updated_at`) VALUES
(1, 'One Piece - Tome 1', 'Romance Dawn - Le début de l\'aventure de Monkey D. Luffy', 7.95, 'images/One_Piece_Tome_1_68ddb8ded33d1.jpg', 20, '978-2-7234-4567-8', '1997-12-24', 192, '2025-10-02 01:27:34', '2025-10-02 01:27:34'),
(2, 'One Piece - Tome 2', 'Buggy le Clown - La suite des aventures dans East Blue', 7.95, 'images/One_Piece_2.jpg', 20, '978-2-7234-4568-9', '1998-04-03', 192, '2025-10-01 19:02:15', '2025-10-01 19:02:15'),
(3, 'Naruto - Tome 1', 'Uzumaki Naruto - L\'histoire du ninja le plus imprévisible', 7.50, 'images/Naruto_1.jpg', 30, '978-2-8050-0234-5', '1999-09-21', 192, '2025-10-01 19:02:15', '2025-10-01 19:02:15'),
(4, 'My Hero Academia - Tome 1', 'Izuku Midoriya a 14 ans, il rêve depuis son enfance de devenir un super-héros. Il faut dire que dans le monde où il vit 80 % de la population dispose de super-pouvoirs appelé \"Alter\" et ce n\'est malheureusement pas son cas ! Toutefois, il est persévérant et doté d\'un sérieux sens du devoir.', 6.90, 'images/My_Hero_Academia_.jpg', 35, '978-2-5050-1234-6', '2014-07-07', 192, '2025-10-02 00:08:14', '2025-10-02 00:08:14'),
(8, 'That Time I Got Reincarnated as a Slime - Tome 1', 'Rimuru Tempest - Un employé de bureau réincarné en slime dans un autre monde', 7.20, 'images/Me_Slime_1_.jpg', 22, '978-2-8095-1234-0', '2015-10-30', 180, '2025-10-01 19:02:15', '2025-10-01 19:02:15'),
(12, 'Le cycle de la Fondation Tome 1 : La Fondation', 'En ce début de treizième millénaire, l\'Empire n\'a jamais été aussi puissant, aussi étendu à travers toute la galaxie. C\'est clans sa capitale, Trantor, que l\'éminent savant Hari Seldon invente la psychohistoire, une science nouvelle permettant de prédire l\'avenir. Grâce à elle, Seldon prévoit l\'effondrement de l\'Empire d\'ici trois siècles, suivi d\'une ère de ténèbres de trente mille ans. Réduire cette période à mille ans est peut-être possible, à condition de mener à terme son projet : la Fondation, chargée de rassembler toutes les connaissances humaines. Une entreprise visionnaire qui rencontre de nombreux et puissants détracteurs... Récompensé par le prix Hugo de la \"meilleure série de science-fiction de tous les temps Le cycle de Fondation est l\'œuvre socle de la S-F moderne, celle que tous les amateurs du genre ont lue ou liront un jour.', 8.74, 'images/Fondation_68ddc0bad27c8.jpg', 20, '2070360539', '2009-03-26', 251, '2025-10-02 02:00:58', '2025-10-02 02:00:58'),
(13, 'La fraternité de l\'anneau: Le seigneur des anneaux Tome 1', 'Depuis sa publication en 1954-1955, le récit des aventures de Frodo et de ses compagnons, traversant la Terre du Milieu au péril de leur vie pour détruire l\'Anneau forgé par Sauron, a enchanté des dizaines de millions de lecteurs, de tous les âges. Chef-d\'œuvre de la fantasy, découverte d\'un monde imaginaire, de sa géographie, de son histoire et de ses langues, mais aussi réflexion sur le pouvoir et la mort, Le Seigneur des Anneaux est sans équivalent par sa puissance d\'évocation, son souffle et son ampleur. Cette nouvelle traduction prend en compte la dernière version du texte anglais, les indications laissées par Tolkien à l\'intention des traducteurs et les découvertes permises par les publications posthumes proposées par Christopher Tolkien. Ce volume contient 18 illustrations d\'Alan Lee, entièrement re-numérisées, d\'une qualité inégalée, ainsi que deux cartes (en couleur) de la Terre du Milieu et du Comté.', 9.60, 'images/SDA__68ddc2c7a1dae.jpg', 10, '2267027003', '2014-10-02', 528, '2025-10-02 02:09:43', '2025-10-02 02:09:43');

-- --------------------------------------------------------

--
-- Structure de la table `book_authors`
--

CREATE TABLE `book_authors` (
  `book_id` int(11) NOT NULL,
  `author_id` int(11) NOT NULL
) ENGINE=InnoDB DEFAULT CHARSET=utf8mb4 COLLATE=utf8mb4_general_ci;

--
-- Déchargement des données de la table `book_authors`
--

INSERT INTO `book_authors` (`book_id`, `author_id`) VALUES
(1, 1),
(2, 1),
(3, 2),
(4, 3),
(8, 5),
(8, 6),
(12, 7),
(13, 8);

-- --------------------------------------------------------

--
-- Structure de la table `book_categories`
--

CREATE TABLE `book_categories` (
  `book_id` int(11) NOT NULL,
  `category_id` int(11) NOT NULL
) ENGINE=InnoDB DEFAULT CHARSET=utf8mb4 COLLATE=utf8mb4_general_ci;

--
-- Déchargement des données de la table `book_categories`
--

INSERT INTO `book_categories` (`book_id`, `category_id`) VALUES
(1, 1),
(1, 2),
(1, 3),
(2, 1),
(2, 2),
(2, 3),
(3, 1),
(3, 2),
(3, 4),
(4, 1),
(4, 2),
(4, 4),
(8, 4),
(8, 7),
(8, 8),
(12, 4),
(12, 11),
(13, 3),
(13, 4);

-- --------------------------------------------------------

--
-- Structure de la table `carts`
--

CREATE TABLE `carts` (
  `cart_id` int(11) NOT NULL,
  `total_price` decimal(10,2) NOT NULL,
  `created_at` datetime NOT NULL,
  `updated_at` datetime DEFAULT NULL
) ENGINE=InnoDB DEFAULT CHARSET=utf8mb4 COLLATE=utf8mb4_general_ci;

--
-- Déchargement des données de la table `carts`
--

INSERT INTO `carts` (`cart_id`, `total_price`, `created_at`, `updated_at`) VALUES
(1, 16.69, '2025-10-01 19:02:09', '2025-10-02 03:04:45'),
(2, 31.35, '2025-10-01 21:45:26', '2025-10-01 21:56:57');

-- --------------------------------------------------------

--
-- Structure de la table `cart_histories`
--

CREATE TABLE `cart_histories` (
  `cart_history_id` int(11) NOT NULL,
  `list_cart_id` longtext CHARACTER SET utf8mb4 COLLATE utf8mb4_bin NOT NULL CHECK (json_valid(`list_cart_id`)),
  `created_at` datetime NOT NULL,
  `updated_at` datetime DEFAULT NULL
) ENGINE=InnoDB DEFAULT CHARSET=utf8mb4 COLLATE=utf8mb4_general_ci;

-- --------------------------------------------------------

--
-- Structure de la table `cart_history_carts`
--

CREATE TABLE `cart_history_carts` (
  `cart_history_id` int(11) NOT NULL,
  `cart_id` int(11) NOT NULL
) ENGINE=InnoDB DEFAULT CHARSET=utf8mb4 COLLATE=utf8mb4_general_ci;

-- --------------------------------------------------------

--
-- Structure de la table `cart_items`
--

CREATE TABLE `cart_items` (
  `cart_id` int(11) NOT NULL,
  `book_id` int(11) NOT NULL
) ENGINE=InnoDB DEFAULT CHARSET=utf8mb4 COLLATE=utf8mb4_general_ci;

-- --------------------------------------------------------

--
-- Structure de la table `cart_item_quantities`
--

CREATE TABLE `cart_item_quantities` (
  `id` int(11) NOT NULL,
  `quantity` int(11) NOT NULL,
  `created_at` datetime NOT NULL,
  `cart_id` int(11) NOT NULL,
  `book_id` int(11) NOT NULL
) ENGINE=InnoDB DEFAULT CHARSET=utf8mb4 COLLATE=utf8mb4_general_ci;

--
-- Déchargement des données de la table `cart_item_quantities`
--

INSERT INTO `cart_item_quantities` (`id`, `quantity`, `created_at`, `cart_id`, `book_id`) VALUES
(4, 3, '2025-10-01 21:53:48', 2, 2),
(5, 1, '2025-10-01 21:54:00', 2, 3),
(6, 1, '2025-10-02 00:12:43', 1, 1),
(7, 1, '2025-10-02 02:03:17', 1, 12);

-- --------------------------------------------------------

--
-- Structure de la table `categories`
--

CREATE TABLE `categories` (
  `id` int(11) NOT NULL,
  `name` varchar(255) NOT NULL,
  `description` longtext DEFAULT NULL,
  `created_at` datetime NOT NULL,
  `updated_at` datetime DEFAULT NULL
) ENGINE=InnoDB DEFAULT CHARSET=utf8mb4 COLLATE=utf8mb4_general_ci;

--
-- Déchargement des données de la table `categories`
--

INSERT INTO `categories` (`id`, `name`, `description`, `created_at`, `updated_at`) VALUES
(1, 'Shonen', 'Mangas destinés principalement aux jeunes garçons', '2025-10-02 01:41:49', '2025-10-02 01:41:49'),
(2, 'Action', 'Genre impliquant la mise en scène de scènes spectulaires (courses-poursuites, fusillades, bagarres)', '2025-10-02 01:42:38', '2025-10-02 01:42:38'),
(3, 'Aventure', 'Manga mettant l\'accent sur les voyages et découvertes', '2025-10-01 19:02:15', '2025-10-01 19:02:15'),
(4, 'Fantastique', 'Manga avec des éléments surnaturels et magiques', '2025-10-01 19:02:15', '2025-10-01 19:02:15'),
(6, 'Historique', 'Manga se déroulant dans un contexte historique', '2025-10-01 19:02:15', '2025-10-01 19:02:15'),
(7, 'Isekai', 'Manga où le protagoniste est transporté dans un autre monde', '2025-10-01 19:02:15', '2025-10-01 19:02:15'),
(8, 'Comédie', 'Manga avec des éléments humoristiques', '2025-10-01 19:02:15', '2025-10-01 19:02:15'),
(11, 'Science-Fiction', 'Genre relevant de l\'imaginaire. Comme son nom l\'indique, la Science-Fiction est un genre explorant les thématiques de la science et de l\'anticipation. Très proche du fantastique. ', '2025-10-02 00:44:32', '2025-10-02 00:44:32');

-- --------------------------------------------------------

--
-- Structure de la table `status`
--

CREATE TABLE `status` (
  `status_id` int(11) NOT NULL,
  `status_name` varchar(50) NOT NULL,
  `status_state` int(11) NOT NULL
) ENGINE=InnoDB DEFAULT CHARSET=utf8mb4 COLLATE=utf8mb4_general_ci;

--
-- Déchargement des données de la table `status`
--

INSERT INTO `status` (`status_id`, `status_name`, `status_state`) VALUES
(1, 'User', 1),
(2, 'Admin', 2),
(3, 'Moderator', 3);

-- --------------------------------------------------------

--
-- Structure de la table `users`
--

CREATE TABLE `users` (
  `id` int(11) NOT NULL,
  `nom` varchar(100) NOT NULL,
  `prenom` varchar(100) NOT NULL,
  `pseudo` varchar(50) NOT NULL,
  `adresse` longtext DEFAULT NULL,
  `mail` varchar(255) NOT NULL,
  `mot_de_passe` varchar(255) NOT NULL,
  `image_profil` longtext DEFAULT NULL,
  `telephone` varchar(20) DEFAULT NULL,
  `cart_id` int(11) DEFAULT NULL,
  `cart_history_id` int(11) DEFAULT NULL,
  `created_at` datetime NOT NULL,
  `updated_at` datetime DEFAULT NULL
) ENGINE=InnoDB DEFAULT CHARSET=utf8mb4 COLLATE=utf8mb4_general_ci;

--
-- Déchargement des données de la table `users`
--

INSERT INTO `users` (`id`, `nom`, `prenom`, `pseudo`, `adresse`, `mail`, `mot_de_passe`, `image_profil`, `telephone`, `cart_id`, `cart_history_id`, `created_at`, `updated_at`) VALUES
(1, 'Admin', 'Super', 'admin', '123 Rue de l\'Administration, 75001 Paris', 'admin@library.com', 'admin', 'images/admin-avatar.jpg', '0123456789', NULL, NULL, '2025-10-01 19:02:09', '2025-10-01 19:02:09');
INSERT INTO `users` (`id`, `nom`, `prenom`, `pseudo`, `adresse`, `mail`, `mot_de_passe`, `image_profil`, `telephone`, `cart_id`, `cart_history_id`, `created_at`, `updated_at`) VALUES
(2, 'Vador', 'Dark', 'Darki', 'Coruscant', 'vador@mail.com', '21ABa!35A6', 'data:image/jpeg;base64,/9j/4AAQSkZJRgABAQAAAQABAAD/4gHYSUNDX1BST0ZJTEUAAQEAAAHIAAAAAAQwAABtbnRyUkdCIFhZWiAH4AABAAEAAAAAAABhY3NwAAAAAAAAAAAAAAAAAAAAAAAAAAAAAAAAAAAAAQAA9tYAAQAAAADTLQAAAAAAAAAAAAAAAAAAAAAAAAAAAAAAAAAAAAAAAAAAAAAAAAAAAAAAAAAAAAAAAAAAAAlkZXNjAAAA8AAAACRyWFlaAAABFAAAABRnWFlaAAABKAAAABRiWFlaAAABPAAAABR3dHB0AAABUAAAABRyVFJDAAABZAAAAChnVFJDAAABZAAAAChiVFJDAAABZAAAAChjcHJ0AAABjAAAADxtbHVjAAAAAAAAAAEAAAAMZW5VUwAAAAgAAAAcAHMAUgBHAEJYWVogAAAAAAAAb6IAADj1AAADkFhZWiAAAAAAAABimQAAt4UAABjaWFlaIAAAAAAAACSgAAAPhAAAts9YWVogAAAAAAAA9tYAAQAAAADTLXBhcmEAAAAAAAQAAAACZmYAAPKnAAANWQAAE9AAAApbAAAAAAAAAABtbHVjAAAAAAAAAAEAAAAMZW5VUwAAACAAAAAcAEcAbwBvAGcAbABlACAASQBuAGMALgAgADIAMAAxADb/2wBDAAIBAQEBAQIBAQECAgICAgQDAgICAgUEBAMEBgUGBgYFBgYGBwkIBgcJBwYGCAsICQoKCgoKBggLDAsKDAkKCgr/2wBDAQICAgICAgUDAwUKBwYHCgoKCgoKCgoKCgoKCgoKCgoKCgoKCgoKCgoKCgoKCgoKCgoKCgoKCgoKCgoKCgoKCgr/wAARCAH0AfQDASIAAhEBAxEB/8QAHgAAAQQDAQEBAAAAAAAAAAAABgQFBwgAAwkCAQr/xABSEAACAQMCBAQDBQYDBQYEAA8BAgMEBREABgcSITEIE0FRImFxCRQygZEVI0KhsfBSwdEWM2Lh8QoXJHKCkjRDg8IlJmOyGFOiozU2RGRztNL/xAAdAQACAgMBAQEAAAAAAAAAAAADBAIFAAEGBwgJ/8QAQREAAQMDAgIHBgUDAwQABwAAAQACAwQRIQUxEkEGEyJRYXGBMpGhscHwBxQjQtEVM+FSYvEkcqKyFjRDU4KSwv/aAAwDAQACEQMRAD8A4xQ0UkMoLqPy092blEwLnIJwQdaEp0mBODlT7+mldviZp0KrkA9dc+XAhetRw9XLhPdJRrE5wAQSR1Gna0/uo1UsO5zpB8WAWYEqoJOO+ltAxeRc9BnPQaHe6sQzhKfKeJVRZz1zrxVQQTVIU9Ae517gylMFcEnHqdaKpmjUOMnr1OtDKnI0W2SqW2ryci4IHbppquNvmgYoo6HTpb61ZGEMjgdcAZ0vqqUTICqg9Oh1MGyRlgDxhCSUCSjnkUdc99aGtyuDzAn8s6f6y2EOOQdx20jnt0yIeRTg9tGB5hVUsJBsmuG2pCctIrA9gD1GnCnpBHyvGR07g9NaEgJl5Ce3y06Qc8cYXIx8h11u+UpwAheomWMYLjI0qp5i8wjRgAD0xpqmYxy45yemep762R1Lhs+upDZLuwUvqKiUTlFYjPTWT1EqwfiIHcnXxnWWSNs/Efl2OvdzMX3X4eh7am32kGQJZb5/MVW6YPodKqJVnqudR2boNIdt0tTXJyRAkAnmbHRR89PNBAaepZ2XADdOuc9dSvbZCt2UTWZEgpuaXBIjJ/POm24s0sfwk5GcHS+lKfsxznqy/DpLFRu8OOmT2zrQxkrHCwTF9ykM/IoPU4OPTRJZbfNQwRSFiTjrk9TpPVWeeklEignPcH10R0Fnq6mghkhgYkRqOUj+/wC86wnCHw2RJZrlHSUyyyZ6DChfVs50TXqKKppYqkJ8ZIBHbIx00GpaJopaemqMZBDFQ/UgfTRMh5jGHkPwjm5PTPXUViX1lmkmtPMh5VWL4wD1PrjTlYqCG1WZFKIzPHzNjv2znSWqqHXbwxJgvhSPcd8a1G4xU1CtPLKS+MllHoewH5Y/XWLVsoX3qxFRKSwxJ3X20wQUrzygSRkAnHL6k/2dE98KVp8iMZDD4mx21725t2mFcblVSHEbZCg9CR2GpCwCHa61bXsbFwlWpBK5jAXJJ0SfsUUyNKrkMx5VU9ADr1SyUMFQhV2DKe6pnA1vu12piU5ZAM9ct0z+us5rdsJqulquMpK0gyo/E+fQemktPSVFFL5tTlXOVUYzkdep/v005pfvOkCxN8C5yAO56jr9Ne6OjF0qREkoTk/Ezj11sGxWnBfdo7X+81slyqFZ0BJI5epJ7ddH+37AtTJ5Mi5Zgchvf0GkFhpPL5aMTeWVT43QdB06n6406Utc9LVqkAdYo2HMwHfW1oCy9Vu3qVajFTHy4PKFQfTTnbNjUfmCb7sQq9nPqNKKqiavgSRozygZVge/XRHZqCeps7sW6qMLkYyflrYFwtlIWms9uhWWmixluVQR2AyCfz03iilr69pYZCfMwFUjtp9mt0hnEC0pMfKueZe2Mf8AXXyit01NcVkibmHNnmK45Rn/AK6IAola6OimsoKToexJC+vvp2tdYtO0cswwoYdx3+WnWnt6llEseVcdQVzzDSwWSGfEcSKRjrnprYaopXVrFX+VNCgSML0AHX5DSeqD25o5SOYMcAv6Anvr7ao0jm+7wzcyqWBXJODnJOTpXe46WdIoSWYzMsKJFhnkdyFVEUkczsxCqucliB66kTYYWgmu5Xix1VB5t35Y4zhVkckYcnAUAdSxJACjJYnABJ0I1VRFSVEdLFZaqaapqXp6OgjpHkqaqoUZaGKBAZJJQOpjC8y5HMFyNRVxT8Qm3qPipRcN9n7qWorHqpP9o9yW+pzFb6QDllpbcw7LykxvWAc9QWYryQlYii8SX2h9kpZK3a3h42lTbIsFREacxWuZ3q56fnLCBqh/3gp16csCFYxjqrH4tKSVAvhNx00rgLDdS3d7HcDOafee47FtRVbJo7lV/fa5fk8FJzJEcfwvMGHZlUgjTam0+CdZMVuPH64uzAGP7rs2ILn16PV5OqFX/wASl5aSSoMc7KH5SPNIz1Pp+mstviHjqW+Gslhlxnlkbr9QdA/MSck8zTmfucVeLcez7HaKtqTZvGbbl6kY8yWq/wBrqbTNJn0SdDURZ7dWAHuR3017e3Ns66XWo2hNTz2XdNDGs1Vtm6lPPNPnpPAyM0dVAfSaJnX3wcgVes3iHhuXk0N2QVkauMJ5uG7/AMLDqDom4mKu4Nm2qpul7rZrYatpNsbkpX8u4WCvAyQrj8DgdwPgmUdQcHE2Suce0hT0XVglpVpngr4m56d8q3QYHrpjvNsrIjJUPE0gYEqgB6HUfeFbxOSb43JJwV4zzUtPvaipPvVJW0qclLuGiGR96gX+CRSMSRfw4JGQG5Z2vscdQEjgGHjU8xI7DH+mm2m4uq87qJamlgq5Tzh1yckYIx6aaLvBK8b00KE4yAD699Ht6oknkVqePCljzEnsMaZ6uzM0eOmc9Gx31my2Qogv9rqpkZWh5eU/CSP66Cb1YqhmJlTGTknOpw3Dt+paV2yoGAc49MaAN1bdmCsYo88gOTnoDqQKCQokvtklp1JRicDuD20G3qmlhc+avRm6ake+rNTSMHGF65HfGgy+xPUAhT0OcnHtoiE4WQLcKfmBbGD6aZnR4pTzDJ5tEtwo5Uc86HB7Eabamk5j5gGevvrEMjCRPGB36j0OkFwdkbEZIydOEsgUlD6emk08HMAWGQfnrOSywsk1K0tQfLDkAdxnppziiKQ8ufmBpsjVqebGSMgDOl8MhIC59OmtBSC3wyeUnL176zW2AqIxkd9ZoR3Wri6G7dLIjFpQfXH+Wt1LXrDUqwfA5hgjSaUs0mCBhehA1pkUDqp683XB1WAAr0t92FFK1rVSjL9zgkfpp1oJB5aso6j30J2ep5Y2UtjGD10QWmpAVSWyWJ6e2okWTMTy+xKMrY0FZCiOcZHqPXGvtXRokwjDKQ3pjsdJ7UyqUVXwQTg/lpwljPLzhj1Gfnod7FPuaHRptnojTMZIssR76W2q6PIPJmXBAJAJ669eSrEhjkk6SVFIY/iikZXU5Bz20UZVfI0sdcJ3lpUmCuQBgEkab6yCWIsFyy5x00otlxNcixEBZV/EPQ/TS37g0/xcnMM47+upC4SsjA9twh5qamhHlvGAe+cddYJCe3Y6V11EyyuAMjPrrQKRlYqTgehProg2VTI0hySVkasOYj09BrxEoUADqSe50qmpJJFKqpOR206bb4f3u8kSNGY4yR8bL3Hr01MbJJzHF2AmukWd6lI0jLtzDAAydFdJsMNTLX7gqPKiZeYRg4Pr3P009Udo29s4CaZcycucuRkn/TTRuO/zXRljZuWMdlB1IZOFB0fA2x3WqW40aSrbrXGY4B+IqMc2ldHCofzMnqcddM1MUaoGO+e2nqFXZgo6qAc6mDZLXuneKop0ofLwS2O3uc6X2ymDyJzqCSPUaa0o+VVVCScdc6IrPEgliUYHN661tlRJJKeFsFPWgQFCAw6E99OMlMLNaWWmb41VQCP4enTTnt+yftTNW5ISD4m9MgD/ADOP11l8tk09W9viiAVAHkOOoGMk/prL3WyChK3pURSvWVOWkP4eb1PXRhD5M9GrqmHwC5A7nH+umGvowjmWNV5AAE98Y7nRBtRY7lItFEpHMeU5Pzz01lsXQxYXXu610sdtpKanhBPxFyfXGBnQ9JXVlZchEQWRWAzke41IF624lJQQzCEhY1JGPUE/2dBdqo5Ky4S8kJGW+Fu55tYMKLibpfbrLLMcLGeYr27+unMW5GhEQVYigzlj3+n89OUa0lhtZqiBzMhDljnB9gfbt+emFPOvVQ9XJOwjK45e2PXtrN1E42TrZLWZGc08o/CfMmU5x0PT+ekO4dnXZSRIolDcwAL9QM/y080NPRU1nEVvLq8fKHGevyJx6/8APTTFeL9T1kslwDvBzYeVTkr8j+utgALMJJa9vXOOd6IQkoGLZyMAf640S2rbUElYj04yrHBC/Ee2tk9ws9tRVp3aXn6MVGehHf6aeLBS0dom++TTNyyOGKsPTP8ALUlqxulUdshpJCIyShbAPuB0GdKaoQJb3kd8FFzg+h69te6qqetqXmUhKfmPKidMj06f3202bhlm+7LDSuArZ5gT1Pt/XWLR3TrY9xrLRiKpqQgVhhs/i0UbRrr1dpZTFE/lqT5Q6AMPcaiK0UtdPdaeKeZgA450UntnU18OrdXwRBmQjnwVBHQfIamBZyiTcIoorXdKhqf7xSqEkwGz6H1zrdd9s1p5vIQKQBzFBnt7aKdvWT70Io5mDFf4M9NE1VtmhenaOSNlYpysQcYOigXQy6yieGorKRkkdiRjKHPY5072mrWnpZZfMBZFyFPXGnC+bWoqZ3XyWHOe5PY+40yXC0yQTc8EvwN3IOtZCiDdNt/3ptfY9hum+d43mG3Wq30j1Nwrp25UhjXuxx1yScADqxIABJA1WjxOcVd2Wbb9r4n7yvktout2pJm25scSmKXb9DUQCNKyrAPx1tTTyyZiOBTJNGBmTmKq+M/GvbO6eKV0W4vFWbN4VyRSV9BJ1h3FuuQsaSicdpKejRWnmTqDIqow/CRDXDThrxF8fnil2Lw0j3Klxum5d1NJdEq5CJGDOkrSyucjyz+96df9yQemMqzyEngCPG23aKhuwbxvJ3XeruZf380y0dNCGLMAAGPKB1bqB2+eia58Pd5WuzSbrv2ybpNSRSclXUqY5HifGcFA2exH6gY1b77NX7Jmp8TcfBrdW8t2S2a3cSr3uq5Uq0dEkrQ0NBIkMcmHPKeaWOZAhGAqA5PN0mX7Rn7JbxLeDjw8XveVgvFkv+z7cY4rhdaSreKsdZJYo0mencYaRpGLMEYjLE4CrpYRSPbxAYTtVVtp5OG9nd3qR8wQuVG67Vb6mFJ7VUrPTyISsoH54PzHqO+o33FcXs7tPJ08sYQZ7n20oO87/tjcc1trVCQzSE1lOgB52J5fMHToccvT1K9dDPE28ZuUlIZB8L4/rnUhC7jHipjUA+mLhh23+U4UnFCopQJpJArBuhB9dGfCTxgXCXf0e0+INyeHZl2p1t10XBcUbc4aO4he5eGQKxA6tF5ifx6r5ea+QoIgx6noNEHCGGna/pNWUwcKRy8y5I69wD0J7Dr7/PTnUNay5SUVZUVE7Y27q2vE3bG66OuipqK6mybx2VdjVWa4xOG8moQgSJzLnnjdBzAjIblQjIPW4Hh08Rg8RPCqj3tW0oob3TVUtv3La0XBo7hCeWVMeiNkOueyvy91OqkVNRb7zsCx3FUxcbVyW8zjGKijWMmDPuYlXkz3Mbw5Oc6N/DDu9uFHHS33bzvLsXEFo7NuGJm/dxXhFZqCqxjvKqyU57DncE9WGgxPt2eSPVU5jdxff2FbD7lVI7NGeZZP4GHY/LSG+ztTInmR5YAkddPrSrDF5cLqxyCQe4Hy0JboqpDVhYwCmcP1/T+ejpVIbnKsoEp6qUxg+mg7dC00sjwyQDlI7r66fqyvaPnSRc8pGB76HL5JAzea3NzZ6j01IKBQHftlRXRTJRzKCcjy39fz0HXrh5Uo0isoUA9DqRrlUmM8qjHTOmW41cEqcrMSc+upA3CgVFF32NO6N5YPKB0GO+hm4bcNODzBs9+2pjuVVb4yeaIKeXrhfXQzdY6UM7GFWRj7akEIi6iSptKc5dT1HpjSarpFgXHNn5AaNb/YKMzNUUoKrnqvz0wXSlVR5axjpnJI6nprd7BQ2TNFSUlUnLJGysO7L1J15ltVRDEXjPOig/EvfXtTIkhETHI9RrfEZ0mUvkL64OtXst3SOmqphEF5M49dZoporBTVVOs+T8QycY1moEZWWyo3ik+IRvjqOp+eNeo6QLGWJJJ99fYLPXMQpU5bsx7DRFatqLDSO9TkvjIOqcuY3mvWW0UsxtZMdIGiLIyjsB+fXTnZq5gwRupx8JJ7a1VlqkidmiBYc2M47a829GpKnLE9CcjHbU7ghL9W6Jwujey1bRLh+h9z6f2NOdXc05RFTy9F7gH10LUdXNKAWAC56YOndCHUsuMEeg0MiysBJ2LBb4btIk+CTgdCSdLGqUrFDJkMPxD5abJI1Q+bkZOtUFVUQzFSM9evT00QBISuI3SmsmlpZhURNgIQQQfXRNt7c9NWxcsjqCwGBph+7LWxqgUkN36emBpw2/to01QcK2WwAD11LFkmC8OxsiB7elYuUGQRnI0gfZ94r6lY6ancqD1cjA+ejTZ1gqHBURA8qjJYYAHrp/vvEDbOyovIjhS41vL8EeByRn0J99QDnDZZJTxlvE42Q3ZeHlt29S/tW/skYX4szdmGB2H11ovvES20sYpdvIF5ScyuoGR7AaY947zue7Klqq41jPzHPIRgAenQfTQ4wln6ZGT26ddHa0uCqppA02YnCoqnuVQ001Q0jsSSWOdebjC/mryP/FkjSehhlhclwRg9NKDzzOJJPTRALKvcLLIYHjlD4zk6faBZFQc6joemdILdTGSRUK9GOeYjtp9gogsQJB798alfCHaycYKcGISsCAFHX376I9o2+G5VUCzShVQ/Dk9T6dNDscrRwCJzgYwuffPbSiiuM8FVCUYhI1AbBx66ioiwdcqdFtlLarDBR08iB6iVXqDntGoyF/P/AE0Hi9vV3CqFQ2Od2ALdOnt/TTI+8LhIYqj72+cKMZ7AdhrNwXSCjpmmWUvJNgrg9Bn0GsCx5B2SiCro55pacEvJERlAe/bB092Gpp7Vd4JZHwquxIz/AMJGg3a00k9ykqpmwXUZ5R7Y05XK5ubzTBaghixAA9DjoP11Lkl75Utb8uNvSyUk1RUpziEDAbGSw/56GaiOloqbzY8J0HJg4J0ou9pluFFSQzx8xBUyMc5IAHU6R3iiogoWWRisMeU5DjIGoi60d037iugqYYaKmLMEJVubtzH/AKaU08kVrpkgrGQyIO4649umkVopkmmEkgJC5OD29Ov1/wBdNlUl3uV4ZY4eZAcRkDvgnr/fuNSKiVINmrFnozlgC4Dcw6E+xOhjdE90qrs1LbqdeyljjHXPU50SbYsFalNCLkShIAVV9D2OnY7ep6SreWRQ4GWAKduutt3WWTBs3ad6utODUqqrE4UkpjmGR0Hv6jRTWUU4mmoBHhUlwxJz0HYfr/XTvYfOgXnpkQt5fwxAZxn1x79de7Rty7VddI88wwJSSpXABI7nUjkrfJIrfTVJpSKhmVeYc/TGV69NNm4a+I1Jo6AcrnkLHlzj5f8AL56MbZaJ6yokplAZeUgs5wqjsT/QfmNI24dwGvablcMCfoTnv9NSthDXjYG0oJpYKqsGeZgS2euc+vy1L22LZ5EQnlgGM/Cg0G7SskCMIFonARucEAkD5aP7BWxh1gaY8yADkA/v6amASVAom25XIkojWPDxk9/p10QUlXVVFajyOfL8s80ZOeY576ZLZWUUUgA5AzKQW5evXTvQyxRwsYpAWwcj29tEGNkIkpBvMwPGI4oGD9W5iemoR8WXGSn8P3A3dPFUlHls1neWiRz8L1bsIqZGHqrTSRA/InU43cVVVT4li+ArkNgdPTVGftldzUdLwi2JwsIYT7v3tTpUt2D01PgyKf8A6k0B/wDTqLrcK0FVK911w2jw8sHD2e5ST1VLDLcr/UTOxkqbpVYeeSTP4nUckRPr5RPrq1H2Je256PxC7u44rA7QbP4e7iuUdT2CGKxVhUqSOpDnPyIGqgb9r3vO5K+pr5f/AIhm8xyeuWOCf1J1c/7NLztjeFTj/vYUoka1cGrggwfiDVVTSUbpn05o6hh9QfnqtkNhdWlGwPmDR5e/H1XVn7Hjh3+zeGfAigqKJFj254faa7Ux5cFZ7vW1FQwP/wBN1P5/M6d/+0G75m254IjtSlm5XvVydpQezwxU0oYfL45Ym/8AT8tSn9n1s8bJrq/YkjLI20OHuzrDHKFA+GG0RBgPlzqx+uqw/wDacd/W3afhy2laalwZa6quGFBGQOSBQTnqOrZGP8Hy08xvV0VvT42VdWvE+rknIsT7wXfVfn/2jW8K7NPxC3VvmzivuNJtBV2nHLNyqt2mr6WLzCP4+SmarkA/xKpPQarlvKd6i5SSljhmzknvo53NW3eqqameoXkgqat3B5e5RQM5Pym6ge41Hm4apZJA+D0GNaYCXAoDTwtsmOrdJpgGft36duujDY3NS3OHyj+L8LA9sjv+vX8tA0rK5LhiSWORjRvw9LVkEEjn4kl5M/Uf6A6LUAiNMaTIDUnv3+KtJsOphvewGqIEYS0jQOQGHRCzJyY9Ort/6addFlq2nU7+sFTs2iuhoautWP8AZ9eM5paqORZYZRjsVkRTn076CeBc/wAFdZXd/wDxNuM0KqMAc6nnUH3LKBn0806kLhzKrVsTLMSvNjnU4yCO/wDPOqYuI2XVzRdbDkK0vDrd1XxM2PZd+Qq1P+1rZDUT0zD/AHExUedD/wCiQSJ9U0vvlPb5KVDIFVi3Ry2Bnpoe8O11gms+6Nr8q/8A4I3fUTU6DukNxhguqjHsJK6ZB/8A4/loyutmgqYcsBhfwgrkE/PVm1wcwOHNc05vA4tQlVbdppndwxDFSU5j0OhrcFj8lCT0dc5X3Py1IqUBXMcpBAXAA/LTFu2zq1Pg/CQPx41MKNgonvMHxHlUn4cfn10zTWqOQEyp6ds6N7vt6RkWVXGObPPy6Y622NGxQsCVPX4dbuoEIMulnUnmxnmPUaHr7aZIKZjkDnPt20eXKjCuEnBXHbppi3HbfNpywzhSfh9Ma2DlQICjC4STU2eYhuvqOh0PXifKl5EAAOMZ99Gl/tscjMsaBQDgdNCd5tolPKHI6dyO+p4QSEOsIHJkAxjOvoqEb4Wzk9BpQ9tccyj36jGvMtv5ohJy/hHXWja6ywC90dxqIIBG0vY9M+2s0nVmUcp9NZrfCFmU6PaaSngFQlMpwcAuPb11stMT3avFGpx5nYnoNO12iim5oUUYT0ByBrxZqcU8ymVgw5h2GuVbIC26+nqmiY2p4RgXTTV2VrbTVC1CrzB8Yx/FkjQ7V03NNn1x10ebqKR0klVV/FzsCoHTJ9P56BJfOqZjyMQBkkn001C4vFyuR1eFkMnCAl9MnlQKGxj5HTtSMzR8qkdO2mKhMifuJGySPb89OdvqDAWU9QdGtdVgIslUszRIQeoUdDrda4Rc0bzAVcY7dMjWiYBolLDu3Tpp1tAFPMC6klkIzj1yNTFks8cTrck72aiWKJSAMAjPT9NFO3qak5mlbHN65GOUf56F6KokU+VjIzk/Ia21O5JY4npqIEE9CxHbprRBJUDwsGye957/AKigjNssU4DkYdlP4R1/n20G0twmmdnnJLk5Zic5Pvr6I2lbLKwJJLdM63U1vLSYUdT2JGpNFlWTufK/wWqZKp3CQxs3MQGCjT3a7BNEgqavlC4BUZ6n56VUooLdQDzvikCkk5xjTdeNwNMQyxnkxjqcemiBxthJSsazJTrNZVq6MmllRmB/CrAEaQi2VdJKDNTnHN1yMabLTWN5zO3N09c9Dp5oZZ2bpVMWbsCebU0m4XTrarfMz+a0YA7KDomttoNRCGdQoVM82da9m0M91lSOalD5bC/D3Ojh9pypCqMRAAnxKf8ALWuJSEdggO50InrYYoiP3CF3APcj+/5nSSOjkV+YvgIckZ9euiC82mOjMtJSxk8xHPNy9SO/TXqmsUNJb5Lrc5VwxCpFjqfnrd0s9uUyTTyIiseYBD0yfXWv7xJda9Icn4V6An118vNeZsyADAPwjHppvtlxmkrhLGSpK/GT3C+/5amLJV5N7I2spjh8wKMswGcfXTlbqGirtxUtOW5v32XPpoZSpkog0yv1APKT6nT9w686e+RVMkuQIyQSuPbrrCoblSjfLrSlhFCeUqW5Bz4OAFAGfr/XTFdJTU089TIpK5IAT29Ov99teIbVVXO6sJAcq3MGLdMYPT+/lpSbbcae3+SY8khmwB0Oe39daCk4i6a3lpaa2jy2PmSsFVR6dRn+p/TTvZnS1/vFhMkrAAgp2Pc401UFFJLcI5JYCBEM8zfM47aK7BG1TXRSTwoqxqTkep9c/wB+usCgAirbViELLc7jEOdgCiA9iR3/AKaVXOOktk7TVH7x3UERAd9b9vI1xnaubpGCRTrjsPTW6La9dXXXz6mYsZHGFI7Y1jd1PYJfw9t0lUrVtVRgsTkKR3yTokuVmcwPyIiF27qOoHrp42pt2jpaMJInN8ge2vV0tcNPMzqj8hOAT2GigXKCXZyhK30NLTVDUyNhnYYGewwQP66d7fQmpoX8uIFySM+ukx2801+WreeRXkZFjWP0AP8AnovsVipqOljpqmUiTnZmyPQt/f6aJsomyU7N22lBTSUzxAlhgv30iNva13+d4zgE5RVXtnOiSmbyJPu9I45yPxH31pioRBdMSESM4w3KOx99SaAhuK02tC0qmVjzuwKj5euiuijjiiAd8Blx30OPY6mGdqyNxggExr1xj+mnWe4NT0MNRCgcZz1bue2NTyhErTd5KymRqAyc4Ck5UdgT21zT+2t3fKOPfCLbCzER22lavxjs09asZ/8A9Ua6T09wavrXqJISAxzgjHTXL37dGQweLbZ1XBHyrT7RpmX4egIrKh8fX4v56hJ7C2CbqLr1RxSR3Rpwp5IpXVmGfiUFh+uMfnq9/g32G8n2aHF+ClVnqN1VuzdtUsjNzCVqy9QTFMezCnfp7apDf6LFrvlWsWVghMbMewZ544x1/wDUR+ftrph4GrFNbfBrwesdRHyPu/xebLt8kfUGSnoo3lI+eHlQ49M59RmskF2Fo549+Fcae/q6tpB2IP8A+pDvouuHhUmep42cYqhExFDuano4gMYVYFlRVH0UD9dcff8AtLviZo+JnGeq2HaqpJ6HaMcVvhjjJw0wEpkYj38x2UHsVUH111b2Zxt4Q+FTw67v8QPGzeUdkpd07yu9xglXElVVu0zRRRQRjrLIfLyqgYAOWIAJHFHx1eKHaXF2tqrfwy4WUW2dsCvNQwqESpu90lUELNWVbgs2MkiGPliUnsxAbTE08bGNYTnew8dr+H3ZAp6GeoqJJWts3DQTtgAG3ecctudsLl7ue2bwS0I0tLJJTzc81JBFlmgJkdHDrjKOfKVseqGM+o1Ft9FVCXjqI3jIP4XXB/Q6vha91W+CslYUSR5AMZ5AT0PQZP10n3bsXYPE62yUO4dqUcsrJ8M4gVXB+TAZ1COsAOQmZdC/S7EmfEKgSopAxo34O8s9RUh84jkhwPbLY0U8YvDUuwqua72SeaWghJaopWwZIl/xKf4lBIz6466a+HdnoLQss1NUSuatoTGjKBgK4JOf1/ppuaVkkWD3JCio56epHF4/L+VOnCSra27loI6IgSRVclMPM7FnQSqT/wDUUfrjUr7Zghod3VdBTOHi84S0rAAZhf4lPT6kD2AGoWsdatDWVFfTN/8AD1ENTzL/AIlnb/7QNTNQVUK7xoa1qcQpLTeXHEh6AB+SMf8AsXOqKS7bFdjCRI0g/d1YHw5y/c+N15sLUwP7Y2DbLmGK/jlpq6vpZfzET0Q+gXU6LaVan8ieBTn1xjOoM4Q3WO3cdOHSLCDJerJua3AgYJEYtNUoz/8ASmP66shVWqaOMq4OMZJI/pq2pncUDSuTqmmOoc096E6nbtJTRyFYwHY5AIx0x0OhPcVLG7LFIBhiemPyzqRK+mWI/vIuZjnlz6aF912iimg8yFQskQPOM/iyO2jZsgqK7pFT00LQqvN8WMH066F7nSsxycEdMEaMb5SQwMYfOyW7kD199NFytqLTcpGT3xqVwo5JQFeoH5sEZzpBV0QaFkKglvf20TXe3HmyPUdPlpuakVedn6qqnl/TWwQAondRzuC1I6MiLgKT1I9tCdXaBIzRsPodSRuekKqZISMMM4xoPlgaWXlMRGD6jW7oZagi4W5aTmQAkuDjr66RrTjyvKYfI6Mb3t4yqDyfEB0xocqrbPTTYZD069tZcKBFihuqpXinKYGs0urziow69QNZrdytIk+7iWcTlAQAfpnWowSl8Rr+NhjI7adNgQyX+daIAMT+JgM4641JlLwaqJabzvu5AKnPwfh/lrhJ6uOnNnL7T0/o3W65T9bCLhQPvOtYUApEXLA83Nntg6YqKbkTzUAPMoycfnqTOKXC6qtHPP8Ad2ABJI9z76ja30swrJqZ4yAOqf6atKOWOaHiYV5j0j0yt0/USydudlvoqVK2dpMAfB2A7emltPRmMuGHTI640u25azXUc7xRklcEkD0A1rkBjqzEffBz8tOB1yqF9OQwOI3X0U6tTgZ9QcA9cad7aY3jVioDZP5aZo4pjMynPUjv276dbXSFYyWdhgnsfpogsk7drZOSRqGLKRlgMn5Z7a209reRjlQckcoz3+WkWFSY8jkgHHX1xpVSVP3eUTRlsg5IOt5SzgL5ThPaqekjDSEBuU4UDppJBNGs5jVBkDSzz4Lp1BcuD+HXqa1hFIRSGIw+e41gKWlZf2U3XWSb7q07JhQOvXv8tMS+bV1Q82QhcjC+miO4xSSR+QpHL0zn302T0vmtHhcFV9OnX11NqqalpuvdtopWJQDIzgAD56LNn7Mq7lVK88TRxhvibHp0182HtmlKx3a+OUgQ/GjDBb+/8tGcnEKwootdpjEYU9Dyj076kX3NggNi5koz2TsyC3zrJBIOUDopHUY9To3Fnp6uJhI6lo1/CR1bUbWC73kFalInWOQjMgOQPbt276Ptu09THGteJGkLLn3xodyEbhHJMd+25DMxlp6ZGwcAeugver+VRxoCMCTGfy1LW4VpxRtVhMB1OQvv/Y1EXECrhqppVgjX4SD0H4dTabpOZoF0E3B+gB7DOeukljnSW5CAEHPRm9hr1uRwtKueb4ubPLpHtoNHUGTPQYyWOjgYVS72rIsmKGU4lLk9EXHr66kHhvY5EZquSMMsNP0JPuRgfy1HNrBrLgzycpPoS3TOpW2hUtFahTif/eyjlAGCw/6DWlJoF0b7ItSYM0karzyFDzjpgHRM2xqfc9ctupa5IEWEuXI6vhSeVR7nGB6dNMVsqEt9s+91hVELHlQN1yDjH5+/y0irN5VtFcYaukqGEsTgxvH2X+/89a5rdk13OhoqClYUhUsGZY5FJ+I82NPm2LBV16KkpWPm+Loc9PTTPPVW7z3aOnyrKfhXJ5ST6aPLBajQ0wSL8Cwr8QOc9Ov89b8VEiyerHSwWukSOMczM3w59D0z/fzOieKgpqC3x1gUZzhnJ6n59dMVjoXmeNHhL9jn0Gf+miBYpbmBTNGwVCeUlew7Z1JoN1olO9PckhhgpqNcMerNn59dOJpzOzrI4w/Qc2kFttdQ9elNFHhEILuw7/LOi9dsrHStKFyQnwkn10ZoKXcUOUu2kiqVrmJcocqB8u2iei260EVNPWoGkmJKg+nX/nr3YLPUVDLL5BCqwJZl6dDoxp9v1NXSRvUkcqkleUZI9tEAsEMuymJ9q/Gro6RuR0I1ppNpVMEhZ25mxgyaJxZ51IjZiVTBBI76VLEkMXJy9WOTrdrFDLroTqrUVgamiLglfiJbv76Hq2KsWtWnK4w3RAP799SDNbqdpi55j6nGmmptEElzFXTOTg9CRgj01tRDkxUlrqIZg00DAkEdug6nXL/7ckNJ4kNuSQKfM/2fhhjXHUg5J+v48a650W3vvQEk0mDnJXGQNc3/ALSKq4f7p8ZlXc4oIblJsGw01GInIaJ73UJ5kUZ/xCnh5Jm69JGRCO40KUgMU4+2+yrvLSxVPCS+18jhTJuC208kTN1BapRiT+Sv+uuoHh7js9h4W+D25XKZkt1Fxd3fv29MjDEcFis0FRL9SIoOg9WPz1R3cXh/q9v+DSl4mV1N5dJfOLFnoUbGTLElLWSls/8A0+o+nrq3nFRZdofZSbP4jWyZaOOxSbr2rR3B6uOMU1ddKuxVGGcsBHFJaKe6qzMeVFcliAM6X6o2sd7A/EFbZU2qQWnmR8LKD9zcZfEX9ob4gqDYVNUirrI/NksVlnquSjslu84NIWlPwRRRoWlklkZFIjduYEgFd4sbH9m/wa2TFtyu8Ul4vm5njiafc1LaEjsTnlbmFMJOWatjBXCyp5SHmDBnGVNCuOvjSm29t+7cG/D5uqohsNymj/2rvFPTtHNuqVEXo/N8aUETgCGnIBkKmaYcxjjiqzuzdF/3fepr3uS6VNXUyHrLVztI4A6AczdTgdNGgoo2ZcASdz9E1qGuVMxDYzwsGwGPX3roHZuHtm4iVS0/hl43bR4h18byrJZaaVrbVSqhUpyRVRAkZ+dgoWQn92cgZXISvEGez7urtmbgsFfYb9aZzFc7HdqV4KiFh1AKOARkdQexGCMjVJqKurrZVx19trZaeeJw0c0EhR0YdiCOoPz1ZzhH4yNt8b7VR8F/HFfaueGjpfI2fxVp6UT3nbjgHy4pnyGrKEk/HE5JXqy4b4gV9FTvHZHCfW31QYNeq2OtJ2h8fv0U1cQ9rbZ4scBdxXihnWG52mx1E7EnHMqRMxB/JTqtPBjbabjqpdu1VMWlyGpgGwQ3XIB9z004cUt48TuE9wrOGV2ucDRXCDAvNnqPNob1QFyFnppR0aNirKw/EpWSNwrKwCvg5tK+V+8qBjZqxIZ4/vMFVAcEhcg498ZBx30m+OSI8LxZXkM8dRI10Rv9/d0fbB4W1d8p2io62SWnieNqqKKiw5PUhWPz5T79j9dSA9PU0N/t8bYDRytgMy9I1ixkgE4HM3L9frpMdq3eapvu3oT5VTcaJamm8oFE+9w4kZRjt5iknA7CfHodM+3rjSx7v86meQ0tQFliSVyxjUjrGSfVTlfqukJ47iwV9EY423P3ZWw4a0dPHvThNu91Baj33PbVUt0Y11muAx/7qVP5atpWxUwkCVMYwRkZ9NUztNypIdgbJur1yo9Dxp2pJGOfBZX+/wBO4H5TA/QHVvamuQghpGl5iMOwwR9fnpyit1Fu4rl9TzVucOaT3+noJkChFJL9Mj19BoF3HbkXnHmZAHXp366kKeKhNNlWRnK/Euc/2dBu7KJI3ZUyACCuOvp203uUi1RLuWzJHI0nmDoenTQ5cI+b90GzgdSNSRuOw08p8xIyVf8AEpPbPpoTuVsjoByrHkepAyRjWip2sgm6xCTEfqO5GmOuppmJiRSSe4/LRdXWzlLS4J5u2TpqnplIZWXB69R3Ot7KJCDbzZpG5oJ05fh74zoUq7Q8NWY1yevrqSauPLFX/ER30OXmmjSQzAdgMnWX7Sha6FLhSQ4Uug6J7dzoO3WYFidIVBYsQhHoNHV5RHUKP10C7iogkrGNww+usG6gQUG1EcrzMWT11mnJqIsxYnufQ6zW7odipF8Nu3nrq6KrKkqSA2B/f9nXbjwU/Y9bO4leHKk4g8S7o9Jcb/QGa0xRQhvJQg8jv7gnBwPTr664veFarpoJ0DPjEi/oD1P89fqE8EW97Pv/AMKex75ZZFaOKwQUsiKeqPCgjIPz+EH6Ea4zS6Klr9XkFQL2bgev0X15+JXSbpB0N/Dagl0eQxOlls94GRZtw31N/QW5rgv47PBzuXgNvy47E3LbCpgnYROASrD0IJ9CMEH1B1RziDsibbd5VoYeQgsWXHfX6Xvta/B9QcdOEr8RrHQA3ezR4nKJ1kh9Cfoen0I9tcFePHC6eC6VKT07pNAxV48Y6A6XfDJompGD/wCm72fJN0eq0/4o9CWaowAVUXZlA/1Dn5EZ9VDljt0NqWKYOvJMmJBjpzH/AJ6RbhsRgrBPTw/C2Sx9tOk8D0dL90nHQtge4x/01oF1V4/uleBgDCMTnmGrmMkm64KqhjDOrdiyHBCyS5fr19dKqWrXkaJUxzHpraKD7yjywEjDfECfTSbyJIlLMcHm7DTTTcrmJ2FqVqCr5zk41vkppJY+QDlYjpkd9JaIPPVBmY4AGR89P1OkIjDlAewydTJskSy4utW3aert1SJJ0bvjmOiSvhMz+bEoYyDr7L89IqOISE8wHY9c9v7GdfZbytDOIucNjoM9jqNyUEsDW52Sk7bSWn5pYzzs3XB070O0bVQwrLUlSEjDYI6t8J0N1G6K2slEUOAitgY/TSye5Vi0gyzfGmBk/I51MEpCTq77XSq63SKtqPuEaBURj8CDp29f008bR25bZpFq6miUAN8LhfxY0OWS0VlRUrUswAbPQ+vQ6LEFTbaMK0hXkACqG7akMJAsublSbst7PJAKWhkQELiSFk/F+ujWyWONUWWFeVXBJjAzj3H01AVr3RW0NUlVBIQ0bDK56keup32HvKlvNvp6wlVEi/EnoPQ/56ib7qbSLJq3tIkEkkMTEA9ERewbsc/lg6iq9W+MvUTNGQSAvbvqXd4Wl664OsCjAl+Jl7kdOum3cHDj75bEmCBFToz4GW6f9NTa7CUlbxKvF0oJ2nFNMMAk/DnXigtyRzNHKmQo6gf10W7r2VXWe5stQC3U5cL0OmeahalhduQZIIZ+2mL4VVIyxWyk84I3kxAczYIUdsdB/fz1I22F5Yab41blTDtnoMjtqPLRJTtzREnLdfhGi7albJNVJSiMfiyFB9M9P541pDbYI5v93mraiKhpJSyxrzeWo6dD00psO26q4xNLPMUVXHQr3Pc9fz1lstlJRebW1E4dl6Jj+I9jogsNQPuzJJnoSvyIz3/rrFO2Vqt21ucySwwfBzfuxj0x01IO0bWY6aWmeMAKwxn8tM9lpZzUQuDlFXLED550T0BgpollSQgyjm5SOwGiN2UHXCfKKgWmhXy4z2PMQOntp925b5q9xTPEMMMOSO+ktlgkFvSSoi50lXpze3Trp5sVSaOrVgvMCwGSP4f7GptyUBxwiSj2tmnDR4B75x6/XTva6F4QgqH6E/ED6aQU9+SH92r5JyQD6DS+21VTcOZHiHKpzzZ7/IaO0WQHFElrtUFUiwQhRFzdRjT/AB08aQingTAUY6aHrFdEoWWiMJwPUe2nyNmnRvu5PO3Ugd8a3uhE3Wq6BJKDKscAjK50gqRFFTeaxy3ICF+WvF0kmUNCFkDDty6RRVU8qgTFsgYIYazhuVElfKarWaRw6YIPUZ/TSW40FTUVQemGEP8AEB0/PSepp6uhrGropSFfBaMDvjTpbXr56dZ6iNFjcZ5cYOpWstXTHxn4qWTgJwR3Jxn3Qwek27Z5aqSBpQn3mXokMAb+FpZXjjB95Bri1vXigtBSG9cQd0Rm7XS41V63HXzN1luFVKZZSVH8Sr5UZA6Ax41db7crxVWzhVwR21wgjpIrhU7ivxutdaZw3ly01CY/KjnAwfIkqJkkODljRhMjnLDlBtfY/ErxQ7svm9r5u622yit6Ce9bkvdR92o6MSFjHCqoOhblfkijXOFbAwOic5JfnDBz8e63368rjT6T8w1scIL53k8LBbDQCXOc42AAAJ8AC5xaACby+Iz7T3w43XwD8PvDnw5vVbdN0bU3bLebjSz2d4aaSRUeKP8AfFv3qMlVUNlRkGFF6B+YVX43+N/xAcU+FA4P3jfVWNrVd1F0O36WSSOhiqgnKGWHm5GYKQvOQWwB89Cez/CI/EC9Cx8NfENw9utxlkEdFR1V4loXqnJwFQ1USLknAAJGc6tBw6+yT4g8QPCpufjFuO+S2u9bI3fRWmrscFMKlEofu08lbXu6ZBjj8uDDKcFXZjkYIKQ1krc3v9B/hBg04/kZ5DHYstkG4u59vaF2k7jBtYd+VXzw5eFqwcVNuXbjjxy4if7D8L9ryJT37cEVL59ZdK942eK0WyBmH3mumSNm+JljiXmklZUA5nxfFXwk2jN+w/Dt4KdgWu1RHkhue+6NtxXWrXOA00szJArnuRFCqg9tGO9OG28fEzxHqPDH4Z+F973Htfght2vmp7OIvJii8uKOa8bjukwIRBNMnKo5g3kU9HT8x8oGSt9XaN33+c3m5XJ6TmmaSGmoaYQRRgn/AOWqgKq+gAHTlxqwjc9jLs9/+d1S1BY6bhYMDGfjhSrWcQeBXFd5Lfx58Odps8khbk3LwsgFtq6QnszUkkjUtSoPUxnyieoEidxGHHrw3bn4JJbt1UV7o9y7M3CZG2vvS0I4pa8RkCSGRHAelqosgS00oDoSCOdGSR0NY+8LIz3ZbpLcEjXNSlUCX5Qc5yPi5fUkHp3PTUq+H/jfsdtv3bhNxgkkk2Jux4YN221VDTUMi9IbvRA4ArKYnnUDl85Fkp2KxzNyz4uPDvely0bqPeE++Yt27Y/7gt9XdYrbPWtWbcuNSpYWe4FAnNkfEIJQsaTKuSVRHCu8UamwHhyu08cM2yL5SvQXG0VflzJUDLUdTG+FZsHqFbowBw0bE9cDVVeKfD28cIOJd54c3W60NbU2S4vTrc7RVedS1iKcx1MEgxzxSJyyI3TKupwM6m7hLxJo7lt6zcTaqoP3621UVi3TGoB86mZMUtS3XuBzQZPdVjUACEsydWwvjzuFdaJVdRUhr9jj7+qtX98oJuIlvqYojEa+hDinf8dLVQMSYyfcAzoffk+Won3vZ7htjiNdIsHy4a8TQhVxmOUc4wPUdQPqDovrrhVLcLfumKpRqq3VaLUN2WQMOVJS2c8rADmwOxlYn4+mzxBU1vrEsu8qFmVqmmMDh1wSoOQrY6cyNzAgdj09NUpC7lzeNq1bv3PvivrOFlTR3hn27bN1Q1dTbuRQor6Z/PilLY5iTTNVgDOAIG99dM6uhD08ixRcrq+D0zkDXL6zvVXrhfd6O3xrNcLMgvVrRuoeejzKyfMyQieEY6/vtdMNj8RLbvTaFn3ztueOWi3Da4LhRTFs5hmiWVM+xw2D8wdMUhHV2HeuZ1GMsnv3/f35rP2bcaEsZI8E9VYrke40kvdPFJ++cCOQrll9+npojqKyprI/LQq3MuCMdAR7aGru07y+WFKlTliRj8hprZIhCd4gpixEcR6/iOfXQxd7PA0LTucqG6gep0W3egkaRljfl6dcfnplq4J4qTknhBVj29taJUhso+vkUcRMUURxnsfTQ9dKKdT5kCFge/TUhXCywSMTIPh7g40LXalSnJiQ5AXKge2onBWWKCbrG9Ph3HRl747aYq9aeqjdUfLAfEujartYqomWTGOU9cdtCFdQR0UzcjZ5j8RP6aziNlGxsg6/QCE4XICjsdA91zI5blwrddH+54gBy9Op6/poKulEkMTrns3TJ1MIRQ5JE4cgDOs0qjmp1XE6sWz6HWa3YLSe+B+4o7DdVXnwh9z1PTOddt/sQvGbHbZ14G7tvIWirz/4EyvgRyYwuM+/Y/l7a4M7YubUNxiYYBDYHXuureeGDjBcdk3y27jt1WyTUkquChxjrnXn1RPLpteyrj9fLmvuek0uj6b9EKno7VnJF2HuePZIX6cLlb6K70E1suVMk1PURNHPDIMq6sMEH8tcU/tavBieC3FervFmtzG03XM9LIF6ENnp+uQfmDrql4JfErZfEtwWt+5aeuWS5UsCR3FOb4icdHP1x+o1q8cfhrtviU4J1u3vuCS3Oijea3MV6np8SD6gAj5ge+uu1Wkj1jTRLDlw7TT9F8vfh30irvwz6cvodSHDE53VTNOwzh3pvf8A0lfmG4q7VFrmd4ISMZJwO+gOhaGeX7tWKcDGMd+urWeJvgxdtoX+4beu9CYpqWVlIK98ZGqrbgtlRabhJzoycrH9NUGlVJmi4He0ML3Dp1o/9OrRPFmN+QeVina3WGnMbeVKoVu4znHy03XqhiiUpAmOX1B/FpLTbhRapPLkKupGWDdemiCdaO5IBP2kX/er6H3OrcNLV55I6OeMhgQlTTyxyBcAtzZbl9tENFA7Isqnp6k9ummiSxXGguJppY8noCyjoR7jT5TJJHEsMQz/AIjn19dFwVQcLgSCts1YI0YRMQD3B03iKViZGcnPq2nOC1pWMZGmUAD4te7jTW+kRxJU45V6ADudYLEoEzHcOdk2URIqPK9sdT/XRdbKuikgKzRhliXsBnr2H5dNCIuVsmk8qigd8tyiQnHXT7ty2XKWETM3LGyeo1siwVWCb4RP+3aN0SKCmEePxEKNJLvdDNGQJiQF6D3Pp/fy0lFNJTT+ZJkJnr9dJa6TyafzGf4ScdRqYtdAldheqO8NEhklIA6Hp3GNFuw+Jb2qF6KOqYIR+6GOz56f11GT1yTtyleVR2JP89OdlgjqfLAlOckrg9jnGpkXSJlIOFcDhmaPd1njulQA7MoJ9+w76Vbh/wDBQLSRxjlUnmQjIx/rqP8Aw47oFvuS2StqmMToeQHsfl/nqU96UVJyxTJN0dwM47n+/wCmhEWNkyDxsuor3tRUlYsompx8SdG9tRtuWxE0LwUi4JXIYnt8tS5xHoDHQSGn6EZ5cD374/l+uo8uDD7uiVC8obPUj06/89FaVXzMCju2U8lO3lPIecSYZG6FT7fy0cbekNAy1dNguRhmY5GT7aHr7DCLus0ajDdX+Rxj/Q6d7IyPJFTD4VVgck9v7xowyFXkWKMqG5ujCmqXZg4AUBf89Fm1mrpHKyuCrDp06g/X20N2egSECrlKvhcquMH5flo92+tPGkNLleq5Yj+etKWbZRnse1VLsJaokI3+79e+Oui+g2vTGsWVzzRABXU9m65GNJ9h0aXG306xREjopIHXAH+mBqSLTtWNwJJYgq82RzL20eNtwhvKZWCJAPKjyV6IuMcuvVvhYgiXIfAx17aJ12vRU6yVDTcwI6fIaZ5KGV7g0NKCVXoTjRwOFKuIWJhHEmGPL6DRTsx3qpPJ5eyj36/PSD9jeWkcTuvN2YcvfRFs2geKYQxwHndshgP4db5oTjcIptG3hIweMnLnr64Gn+G1GgjNRIhPT4se2tu3aRVh+IYboOnpp8uECyRrFGvRh1OptHegk96D6pKd6rnVcZxkEdTphvlHLBUSMU7NkKPbRxJYYI6nzZGzk9OmNNu5KGn5Mqwxy4LD5/PW8qHFlAv3inrpPuTRElMc4U51suN2orUn3edyCEJQEZ19qY6e2NI6HDnJ5v8AF30M3q5yXC8LSRxGRmKqp9AT6a1gbqYXF77brjZWcRvGLetuMaeWhsVNQ2egnQsHhjhh+81MWAcHmqatuYkZzTJgjBBrm9bUScINv7Ptcshgkkq7vcuQEAzvM1MobH4uWKlQrnt5z4xzHLr45r2m6PE3uzckFS0iXfcdyucZb0Wprp5lH5IyD8ta9gUln/2Wty7irRDSTWOtd2UAv5iy1ZhHUdAZI1U464Y+h1psfD57/RGZVzNL2B1gW8PpcOt7x7imvZG1L/WxG7WyErE1QIKaRpsYdcM74HxEKCvXoAWUdSca6s+HC17bX7OOSpuNt3COI+37ZVx0G7JlqWtNqookqfOBLctNBV1sarQxuTJNJ91VI1TmZmoXwY2TPWcPYrsltWVzIYKZYlyyquW5MjqSZTO+P+L6auXwu8TexNs/Z33Hh9vK4XavrK25VK0tvvG56OjsNE8rrGKoU80iT1lcjL5sUcWVh5WkYHzQjqVJY08R3vb4HHfy8F0lO2pi09sbQRG9jXHuuJGji5Dd3Dm+DZUouvF+6bD4hcQa3ZN0igTcVzp6O68xLRzU/wB1Q4KhgGJZpcEg4JJ9dbxtmiFLFLVEsoiXyy7luVMdFHsPYD31D/iBpZLTxrv1vWZZI5Pu8yPC2UlVqdGDr7ghsj66eLVx3qLbw/hsFyoJZJqdEC1CyYLoMcuc+oAPbvkaepDG1g4juBn0XJVj3mrksM8Rx6oruG2LTJXxy0cyqHflRl65+gPQ9B2Ooj407Jm2Fvyq2/HTPFTskdTRjPMDFIoYcp/iCsWQH15NEFp3nu27Y3VXWmRbJbq+M1CrUpG00jxylFyxy2eVieUEADr3GW3i9vfcPF3dlLeamCnVoaBKWkp6UEeRCrOVQk/iOSzcx78xHQADWSyO/MAN9m2fPkpNMclGeMWfcW8rZ+iGLs9urrPSTwVRM1OXhaB48FIvhZCW/i+KSRc/4UXt20o4dbufae4mSpc/s+4RmmucAkKrJC3fJAJGPcdQCcdTpsuNLNbWMLkhyuT07DGm9yQ2R7ak0YS0jiHAjcK8Ph/3ml/sa7fvVeJay3ubbWtK3L59OwXyZmH+Er5ZI7AoFPUnSrdt4ucVsbbFw53WkuBMayjDpgEKT7ZU4IHQFF9c6rx4fuJR29PR3WteTyKPlobuBKB5lK7M0bAZ6lG5mwBgBWZj21Zjifbnluse415Hgu9KtQksfZpf/m5+Zb4x/wAMi6pqpnVPNtl3+lVX52kBJ7Qtf+fX6FeOF93qtv3+nraJ051lV4xIuVyCCMj1HuPUauj9nhuWjo9iXzw/TSF22NeCdvioYZex1mamjw3dzHzSwO3YNFy+mNUd2+wp3jZG6owOR6j+86n7gRv2j4b8U9qcXqqTy6Gnb9gbrlwMC01syJFMxPZaevank6DPJUznsDoNPJwSZ2OP4QtVgLo+Pu+yr8W6zCSUuYuXlGQQ3Vs6atyW1Uc8/JzHsV6dffRRV0NbRw+TSuQ6khlZcEY6Y+RB0NX+mqnYNOvKwxzEevTVqbcNwucvlDdRZ6V0apTBYH4gW9NM10tb/EU5S6KDgj4SfY6IWoql5WxN8HMSEA/v5aTV1v8AgZ1kYHABJGoHZSBUeXezVURLmmcqrYY46aHLrZYcB0gII6seXrqQrrS3BypZmcBSGGMDGf8ATTNLROYnEwAwvdhqBU1Gd1tiRRNIrjA6jr/XQZfKeKdnjAwyj09TqSt022KGB4TGBhTzEjudR1cKYR1ToowPkdRWigrcdihmUnlcEnJI+WgncVA0EnRGx3Yn11LF0pozTSFh1I7aAd1QxOxTlBOPiGpA2Kg4XUe1sJSbEcRIx166zSq5HyKooqZ6e2s1O70NBlqk5Z4xkjlXoW9f7yNSxwv3y9uq4oJHVQMAZPfUWJHIgSeFSeXPMxGna01Up8uQAhoyCuSe+uRqoG1DC0r7Jo6mo0msD2cl17+yK8ac3BribRWC71hNpuhEFUjP0CsR1/I4P5a7VUFdSXOihuNFOssM8ayQyKchlIyCPy1+V/w+8Q6+hnp5UqSs1NIpRgcH++uu9H2THi3j43cJl4c7kuYku9miDUvOw5pIOmR8ypP6E+2i9GK50EjqGU+Lf4XI/j70Lj1bTIumFA3Ng2YD4P8Aof8ACrx9tB4KYLdcpONu0Lefutx5nq4406Ryjqw+QOcj6n21xp467KegZ6tIypOey/rr9WfGThbt/jHw7uewNx06PDXUzLG7rnypMfC4+h7/ACJGvz4+PTwv3rhLxBu20Lxa3h8qokWMMvYgnsfXUdWpTpuoioYOw8581H8NekDenPQ2TRao3qaZvZJ3czl6t293eudtfcDa6jnY9c9MaJNobhauRoHYlScjr2I038U9lVVlu0jGMlVYnOPnph2zVyWy4xzlyEDEOM9xq2jLJYg4Lgqnr9Or3RSC1ipfqaykktpim5Xk5eWGTPVT/p/roZpboaK4/dKgnIcge3X/AK6R1tzq3qYpaVsr0IBHfTlbIqC6yCWvQ5jIIK9D26g61w8KHUTunkxiyKKGaCOkad0wVTqMd9NF7hirKNpY2Ygkg4Hbpkf10vvd8paWiaKKZMBQOUjqenfQ824YqiVYkc4ZjzduutNBvdLVUjLcF15tcIpDGsw/A3UZ79e+j22SolMI1bCmPmUKe3950F3OMQFZKfrj17gnvpfZLvUuEp2kzkAZA/lohFwqoER7oxuBpKkxxQzYLpzYYY986adwJCbeYiR0XI5fXppzo7XJeKBJ3JLQOQrY/DoVvNdX0Vwlp5Pjj5j05TkD11JoSszzkkbpjkqUMohRMfCOuiOwswVZBHg+gHppmqoaeeT7zTRnHr00+bWmUVKo3ogJ9vz0ewsq63aUs7Aaekqaerjcgq469j31PUtbTXPbCTmQ80Mgbv36Hp+uoK2FWJJMlPVM5JAMQXHX1/v6akhr6lFbzEXOPLyE9D1z2/PQHbpxmBZNm97jHcjNHAwYgYHT8JxgY1Gl7M0U7UzSEsuBkn8J/s6WcQd9z2i+Fbcw8uVAW6evqDpqNdTXOnaoV/idQzqT11NoNrpSc5wkNzT7xIRGo5ieYe4/v/PT1tO1orDzTzNyhnJ/prxZKJKqaRnTMshIQkdvX/LGjOzWmioGjdyGJ7KO4x7/AMtFukzHzWy2ySVAdViCuyjCEYAA7aNdg2+oaF/vSlgycocnqAW6/wAjpt29ZkuNxkZEAAGevbHtqSNr7ZlhMcqKAGXldWXr376kG3QnHNkc8O3ioFhgC4HLnGPTp01JJvEMKJTSMAHGVIHpqPrbAtHIqgMJDHgALjGiC2vJUTxvIcrG2MfL20xHeyA9FglR4PKGDzKcdfTXyxQRu/KsY5j0ye50hpgapl6YyQBnRLZ7eaaNXUhiPYaKB3pZ+6RSW+pa7Ru/RUOFXPTRztmihjdXMeGCYAA9tNNHbI6ub7wVb4TkZ9TomtkBjjVowebPX6ak0XQS5OlrZoZeU5xkHv6jT5zH7qJzgHHRdNbRxS06+W2XGPh7aWIrtSBnlPT3OiAXKA5ybKiuleUxvKTk/DpvvsiRQFGCsCMcue/rpyakjM4qBJgqD8Oe566aqqiFYAXyeUknWyLBRuEJXag82NaqZiufT20Myx09PeIK3OFEqsxX0w3fRZuy31Lw4RyIwfwAZzoG3PS1FtsFwupDJ5FHJIMLgZVSfy7aGRcIjTdfnB40/fm34P2krfeDbKKSTn7kyU6SZ+Y+PofUY0+WdWv3BlLlDTGR7Pc0t07Rj/cxPHLPCG/xGRhWNkdlpznoNSt9r1wi2rwL+0K37wk2ZdZKy22Cqo6KmqZfxlUoKcYb5jGPy1GvhY35/shvyt2dcP2S1n3xZanbV3N8ojUU9IK2JoIq7lALLLSyulQjJ8eYioOHYFp3VdcSD2bn/CC1sj7C2T81Znw3Vm37f4etyXaovMcVdZI1rrfbmjbzaqaOujhkiGPwELUEnm6fDjuQNV74x3+402xU21dZHeqjucomV+gjPPK3Jj35ppSc9sAau3wc8Nl04BcO4d/VS3LfvEbdVZDb9m2GjpGqXe+1i88zkHLVkoqPOkiDLycyU5cMxOIK+0Z8PPFfh1vjbXDfiR4V5eFF6gtFDBT2Ke9GtS6RyHy/vwq2dxK0tR5pYh2CMzR9PLxqlpQ6omlnYbxk4Obdx3tjb3r0LpXWw/0jTtMfGWVEEZa/bILuJoIH7rk3vtYeQgXYtPaW29QVtwtNPPVUZKwVEy5ZYiTgdSM8jEFR1HU9goBcto8Npd6bhodtbB29Sfeq2qip4pJzDTxQFzgNLPO4SFQcZZmAA65wM6kzgvwYse35ZbNv7eFthpLpRilqoqa3R1U0CGSOTmhlmwIJD5YXzUGeRnX8LnNsuCHgl8GV0rKT9vcObzfIo3DhK7dcyR1GCv41pljJVuxAYeuCNHDmvwCuJ/LTMy5vvVFKPg3LeqjdhkulDcJtnWp6yeQVTzQVMa1tNRt93eJSrqGqVl5iVQxxMebPKrC1wsFNaqaojhomlrpFBznCRnmZfTocFHXA6AqR6a73cINo+D7w7o/EXhn4IeFdqrbZQyFbnU2qqrXEeDz5+91My9lHUg++uEO8N7x3i61lfVlpJayrXEnNkrGvw8v0ChQPXpk9SdMwsY89335lBl4wCSVGm4duXOBzPK5kd26k9ydMBhd5/JUdebHXRvu25pSWt5M/FI3JCp9fcj6D+o1Nvhx8HNNcvDVXcct+USG4brq3t+yKGcYK0cBDVlywe4L8lLEeoJNUejRLlxkBkdYJJ2VXbZu4Kaw37NU5FDVRmmrh1OYmxliF6tysFfl/i5AD0J1cDghueffvCOp2NcpQ9y2rUlo8y8/PCFwxUj8WUAJI6FkRRqsnErgNunZ9ZLUUNtllpUb/AAHI+Xz0UeFfilVbJ3zbbjNOwWGRKG4Kc58h2xGx9Phcqo+b5PbVdX07jHtkLoNArhTVYY89l2FYK1QrCH5QSMj9NSDsCqstyp327uehaptVdTy0d0pVOGlpZkaKZAfRjG7AH+EkMOo0LbkshsN7qaKnUGB/3lIVBwYz1UD16dvfGD66U7Vr3pKhJ2J+FwW5TjtqiAK7Sra0tIXRPwmcW7vxH4PU9p3fdVqdz7TrGsO46tQR99np0Ty60A9xUwPBUg9v3+PQ6NrrUzPUhp/jjIwRjOCOudVE8L/EIbP4m2i+ffQlu3EsG39wJgfDOWc2qqPzEzyULH/+8pR2j6W1ua3F4llp425cZOF9NXEEnWRXK42eLqpC1IltMk83lKxjUkBCT3/5aS3WjMLinyCSSCM98adbP51RyJL0YDPUddaLukcCmk+75YKArY7Z1MgAoSF6ygaAczxEjl+Ig9P10xVUUUyFjjscj10XV4qFgYvGw5h06fXTDU00DFpCDnrggY6dsaGVMbIA3bRJKhPljLKR1+Wo23BbIo5XdFBfOCBqcL7YaeqhLhirKPhB7HOo03PYoYKlzzEsenT00IbKZAIUa3SkLQ4PbGNAe57TKS0kZ79Rn21Jl9t8kVRjJ5D1x7aDN2oFyB0J6Hp6akhkFRVc4XNWxJH66zS+6U6CtYIOnz1mih2EDKColjSn+6xM3OAeYkdG7Z/n/XSiBQsOFX4sDoutdZVU9OzvAvaMgAA9h1z+mPz1st8qTw80sWH5e6joRrlSSQvsarcQ8tfujnhTuI2qdEqJDkt0Y6vN4A/E3duCXFa1bqttyaNEqFyOf4WBPUH3BHprnnZav7pVo4xlmAPsNTTwk3fNG8aGbDggoebsdU1bG+J4niNnDK6/oxqVLWUcuk1o4oZQWkHxC/Uhwx4hWLipsS3b727MHpbhTiRQD1jb+JD8wcj+eqj/AGvXhAh4t8NZOKm2rUr3C3oFrwidWTsH6fof/T7nUdfYw+MxLta/+4neNwx5j5tzu3aU4AHX0IGPqBrohe7LbNyWWqsN5pVnpKyB4aiJh0ZGBBGu1ikp+kGk+J+BXyJqdJqn4QfiL+nfhjddv++Jx28cY8wvyl+JLhVVU8k6/dijx5Egxqs1xt89DWtEwAYNhsa7HfaseDSq4KcUq1aSjZ7bXM0tNMI+jq3UHp6/5g65ocUeDwpLo9VTP5bcwyMdDrntNmfTyOppvaavZ+nGk02t0cOu6b2o5QDjx39QhDas0MkMaVGCCTyg++OmllTNJbV5qaM5PovodKLdtmemnBZQVzgdQMacam0zPbjIqD8PxN741dFwJXl7onhliLFAe4bndKuoVpZzknrjp76T01yn+/oryEDOSPn1/wCWnLcVJ5c/PJGOVjlSPc6ZJI+SqVkPXmzozbEKimL2vJJRtb7qtTTGIvzkDKk9+2nO2LJTV0bEYGARn+WhPa9QJ7hFR8xJLjqp7DPXUnLY4GRKn3GV6D01AnhwpN4pRjkiLZ1QUt89I8ozJ1XP9/PQ1uWBaeZ2CjmAxnGnewXCOG4LAy46kDHc9DpNvqJBNzAH4sk/LUme0gzX4B4IGollq7koE3wmTlQAYB69dFu3LVNSVYkdopMt8S59PnoXt1K73ZBESHEuI8d++j/Ztlk/aLQ1iv5rQ5RXXqeo/XRiQAk42F2VI21bdH96S5SuqRIVXmUYOSQD/X+WnLctY1uDwlmzBGwBH8XTAP8APWzaO1LhPRgS5DIQxQnGAT0/Ppr1vi0TxTmCdQzCNeY5/HjOgXujua5rbqI9xXCprZ55+YE5xy/8PvrXZp5VkAnlPIgDHHoder7cIqG5TQJCGduccvL6emvm3KORlM8gIR3wQe5Ptow2Vc/dFO2bmgusUckR5AcZHqDqSLPakqZfvQTm52Koc9jkf8vy1GljgcVweYEAk8uPTsR/XUl7UrJhQqfNwofCgdwdbtlRBwjXZFDHFOFlQDGOcepb+xqUtu05jliZ05UKY69QdRlt2eKnqxOMk4BCk5/nqVbPzT00UgU/AMhfXOiNslnDKc2ic1BcN1cgE/Tpp1oyIJREFJIXq3z0kp5YSR5qdF7Aeh06UIhnnU4HyI7nTDMoDrp02y09bOiKmcP6flo5tUSiLDdcntjQ7tykiosOkYHM4IProltDI/wlTknp10UC+Eo9PFsQArSogwSM6fIcQTqhUYBGemmy3xQUyColPxk9BnTgElmlYs55XwAQeudTFroJN06QxLUSYiTGDgnPfS2tR6WgKjPMxwAB20lttRBTRNkZYD4c601N0mnDEYA5vTRAMIDrpIxqUqQki/Ce5PvpYlJGfxYClTke5xrxTgENJOMl2wvTsdb+bzBjlwc9OvpraiSbJorbZAUaOoQHLHpoK4t0FLTcPr5IsXwpZ6gyA+wjJP8An+mj6sWUvzSqOnbHqNBfGCnlquH9/aJQokstSvxYwMxMPX01F2ASpRhzpABzK/Nt42dyXPeviW3Duy419TW1FbDb5qmqqH53mlaggLuxyckkEn550s8O/DP/AGsu1rudxtEsdBSXOCrrauOTJ8hJC7RhezSuFCgHogQMfhdiBfiXe47lvq6SzUXmSJDTOJQc8xFJDGQT7HA6+7fPVmOGFJW7TvNVtyeGSmo4bEv7PgKhSadoYpo35R/jR43z/FzaWrp2xtIG5vb4fyrPR9OfVzNe+/A1zQ4jvdcj/wBT7ldH7NziXV8ZftT9pT7zoI6G0bMpLm+3LDTuHhjmSy1IMjFhmSYGYOX6fFEhULjVxP8AtSXCvbe9/BHw649Wbb9NV3Lh3vWkWSKXmWNrfVIfMWR0IYKamnoVyCCOc4wTrkzavEvc/Ab4ktoeJaktdFfpIIZayeym5eTHMtZbPu8kbSxq5jkWOodgOVviiTIwTq6vjP8A+0IeFTxT/Z17g4S2Xw37sqq3dlkNvr23NeKSlorPWxBalZoni8ySseCWOCZECxqzeUHKhiDDTJGSUDCOY/5Vj0yoTpnSqppw4kMeW3Jubcjfni3muTt58Q+x9ybWktd12VUWK62xAlG9CwnpqgCX/dylsNGQhIB6hioyRnVlvs4fFDTyX2PbtxuhntsjrHLDLIDJQs2OVuvURkgAn0zn31TDiJYRabi1fRVBanqX8mqeF/3cqMMo+R0PUEH2OB3zpo4cbq3Fwo4gUW79uVoglpZAcyIWSWMkc0bqPxKRkEf541sxNbkYKqHVk8rx1meS7vcfv2tb/D5vCitETvWVu2qymokUZZ6iaJ4YlHzZ3UD5ka4PxrHHCa+rq2j+DmCBcgj5nPTp111uvniy2t4hfs6LbvvbNV5V2Xd1ltV2oHmDTRSw1kNSyknGQ0ELkMejAHPXIHIHf1pvm0bzJtG+0wgrYVT77TrIrGMlQQpKkgN1yR6E4PXI0xTvHD4lK1V8EI28NHA29+Ljj1QbAiuhttlghkr9zX2WPmjstmpwHqqxx/wxg8q93kaOMdXGrp7135bOJu8YYdn2Q2jbtHRw27a9mZv/AOG2yBBHBCTgZfkHM7Y+KRnbqW1Fr12wPs//AA/pwL3HWj/vH3xRUl44nU1KvNVWykyJqGwEYxG/4KmpDFSrlI2UmIHUEbw8YfEm8Ry0WxootuUroV56Vuepdc56yt+H3woH56sWSsp22OTz/hKtbzKv7Ha+CFFYINt8S90WC2y1CctMl1uEME0rZxkB2BbJyBqqXHnwtxbE3vLvrZbissxq/u1zjpJAA0ci4JB7KcOCG9MZ9NQtwW8O/G/xUcQINr8P9sXW+3a4zBfMWJ5pJGOMHJyTrolsbwEcQvCXwuumwOKKLWmpkIkAl8xVnEETyICOnwF1Q47MjL/CdGvJVty2wRGODDdRNw4r5t4cM/uV1lMl125iCrlCFfOp2RXgqVXqQjxskgz15JF/w6T0U0kVf5ZXAHz75041XFHhdw+te3dtQosG7rDdq+1XSYuFjr9usqVFG04IAWSnqHq4kcE+bHOY25BSxeYqv226K34vNkqGkt0mG5WH7yjLHoGHfymJ6N6Z9Qc65OsgNNOQNvvHou7oKwVlO3iPaAsfTF/VGfC2ttFck22dxtItBc6Z6OteB+WSKKRSvmIf4ZEPLIjfwuikdtdBfDtvqv4qcLKe4bkeI7jtMz2jdiRIFUXGBVEkiqOixzI0VTGPSKpj9c65ubdE1MY2ccvMAcf36Y1arwr8XZbJxGtxnqGjpN8U8Vmu5Z/hjvVJDJJQznPb7zRrUwE92kpKdB6ahTS8EwB2PzSepUp4OIbj5KxtbQBaz4jynm5fhOMaR3WnYRGOrjOFOefOnCqjrJi3nx8iKO5OSNN6UrOz00/OVfIJY9V+Y1ZnYgKkG6aJXdouRox1J5sj00OVMSowYDueo0ZXC1NRR5UMR6ddMVVbllViUxg9xoDkZu6H6+OOVOVosdPXQPvKzfd2aaJAFYdSR0GpHr4Y4kABy4ORntoY3EUkgljkhAITodBIyityoZ3JRtI8gMfKq9D9dRpvGnKoevUEnHy1MW7KKI80ikgOMEHvjUdbpt0JjkaVA2G6HGpAoT8qI7jEiVbAt36jWaUX62qtzkCSlR7E6zUrBBsosnuCRSsrSJyqQDzH/hwMfn016huSpGsiuMZ6EHWits4kRZ1bPmIWfm9+/fTa0UlFIzIMrn4sf38tc7a4X1hqdVKycl7UU0db5zpOnoeo0bbJv7UVUsqzBSGyyg9tR9t6XzhzlehYgdP5aIqGX7k/3hGzk5IOhSRgt4SgUlc+FzZWnbKuP4Y+ON44fbrtu67HcWjlp5UctG+D0IOv0B+FDj1Z/ENwbte+KGtjkqjAqXBFYZEgH4iPTPf651+YDhdvAwTLGZgOYgYLYONdRPsgPGbHws37T7B3Tc2FpupELBnyFz2b6g4P6++ltJqjpOomN/sP+HinPxK6Ps/ELoaK6nbeqpRcW3czm3x7x4hdDftBPDJa/EZwQroI6BZLta4WmonCfEyjqy/5j8/fXBLj1whl2/fK21XegZJqV2UgrgjGe2v0wxSxVdOk8EiukihlZTkMCMg65XfbG+DNtubnfiptC1ctuuql5BEnSOX+Jf1wfoRq06R0TmkVsW438u9ecfgp0qjmZL0Xrz2ZLuiJ5O5tHnuPVcXdyW9qO5uhVlCdB10mZ6j7riKRsAY+R1LHEjhrNHK9SKZefOV79vUaja50IoVkpOXD5OAvpqNJO2oiDgmekWkT6VWvjcMXQVuOOOWlLTPnpjoe2g2F5Z3MEKkdcAkd9Pl5N4jr3pVpSy9SQe/118t1kdQaqWERj1UnP89WbbALz2ftvwlew6R4Lqsk/Qg4VgOmdTJb5KYwxIXwqqBkj6aiuzqlPOJZZeRQOgPZjoupb3OaIMrEo4ODnQ3i5RIHNijIKfrkKO3VK1VC5OHGGBzr3uHlnolqpBgOuQffTTQSJI0kMzlyJQAG6/TTju+dyYLbB3YAAL/Cf766k3CWlPE0pssNAI71HUJH36xgjuemBqduEu36HfccstVb4oblSn92Yl/EnTp1/Pr76jHb9pipyrVZHMBzIeX8JB6Y/Uamvw/29rbdpLjGeZQqq4+oP/L9NY480ekjs4DvThOI7FdorVzEGNx5wPcnOc6YN6VguF/mnhUGOLMakHowGcaIt20pm3jUVJj6LISG75B7Z/X+WhK4yOlLLIY+aR6hgFz1yWJH8taGQoTtIFlEW7+VLzNyx9pDjl+p16tklSsTNCjFlx0IyFxnSrcdrqVvM4qECFXJIznvpbtm1TzFqoRFYubHmMvQ/TTA2VI9p4it9llkWRopwCzMG6nGe36aO7HdKWjhjgkcAZOST0Hz/pododrzS1AqnhHU9XAHYeuieg2dNMgrH+GJSOUOO4HY62hE4UhbNuVruNMsYjzIuMvnp8tSttucx0kdPH2H4sepxjUO8PreI3aJB8DEYx76le0Sy0ZRSpJBHU9iM9dEYLoTzdGFJ92likSdOV2I5CPTtpZY6Pkui0yn4c8xbPQ6Zoq3zz5sYCjPQE+g0/2T4p4pFAyV9NMM2wlnGwRtaER2EB6YHTT7bI1gBmHXlPXTDZJRIyydjnB06CrmikaCJCcjurd9GGEm/ZPqc80hkDDvkdeo0401b58QhYH4eobPr20x2xpEhDO5Lt1PN6fLT3aqCdgZpF5Rgdx31JBKcKWcLHlujY6nGvMEhjQhznJOCdJ55XiwhUHJ6Aa2UheonFKx5crkfLUxshFLIJB5yyN/D10ugAnTnA5QScZGtNJbSxwuWCnrn21vnY0o8sKGz6A6lhQSOsMySsrIpGBysBoA8RFSaLgvvC4JkCHa1xkGP+GmkP8AlqRKyJpIC/LhvbUa+K2D7t4X+I9Zk5g4f3qUHOMctvnP+WhzYhcfApvT2h+oRNPNzR8QvzK7uMw4j17LATFHMmGMZIcIIhyj07qo/P56s3sXdlqfaO1+IFTd5qy4Um3ja78JgMrPRu0ECL7qKJaPHfrnVad5QOvGW7KkXNSQ7jmiaLB5FVZlRvy/B8+2iDZ+/wCpo+GG6dv1m4U+/RRUMttgkUkzJiRJWQjoDk0owSCQOnY6UrKYT8Lidj8Dg/z6K00LUXUbZ4T+9txc4DmdsHxJAc0c+1jdGvji27t7aPEun2HtTeVPe6aiEc1Xc6aP9zJVOQZQiZ6oryBB3yqA9jjXjZe2rRuXgFvG81H3meh27b1rIbQkBdZ5aW62en85pCM5alrbgGAwoWkUnt0DptiXviZxwtPBbbEMtzuUgp7PZ44JFVqmuYLBTLzN0HPIYgT7MfYalbh21wu/2cPEm/V0tBDUrxU2jZqCSKFI1MNZT3mslSRxjnB+6QDLH8K4PRRpkFsbbgWHh8lUVD3SzuLs/PAstvHzh9tGC07Y4a7X2WtFWwcNKW61FPSUjeZULLJUVrTztzHmb7nUU55h0VKRs4BU6r5LT0TRPa7gyiohYo3McEkdAf01fjel2XaHie3xvODzlfbfhKtdPTRQxf7qpuPD+joC69OjebWfhJHX0OTioXGvgfuTc/ECCLh5sS6yT3e4PT2+y09NJU1DuXbkjQIvNLlRkYXmPqoY41AniOd1sN/T4m8h/H1x7k8+G/cfFO2bar9o8LdoXTcFylqlqYrTbaOSdGl8mopqepkCghUjkq+rPhevLkc2nnhNw1svhVp7r4tOO09s3DuO1XOSi4a7XqGWrjvW5Vw8lbOGyJ6Kg50kkJBSepaGAcy+eyTX4athb68LHB3dfh64T2epvvGjijBS23ej21sptezLKlQLPFKMiSqmlEMk/LlEMMKD4kYmxfD77FLfm+Ny0F98c++bdsGikpEhtewdq0jXPck1FHny6aGlX/4SnyXYs/IrNI8srs7u5NSMfI8lnofH/Hhz8lGUANBk37vv7suTtBtHirxr3xUVi0113FuC9XB6mvqsPUVFVVTOXeSWQ5LSMxLEkkkk66G+Cr/s/e9LvdrVuLxdVNTt43KAVNo2PR0v3m+XOP0kFKSv3eAEjmqKgxRr7k4U9QPD54XODvhwtsO1fDPwys3D2EKsRv8AJLBdt01YIxzPVkNTUBbP4adZWXqPNznFouDXC/ZvC6w1V6NIsJq+Worq6oneerr5QektTPKTJO2M9WYhc/CAOmrNkMcQ4iLn75fz7ki+U7ffvVcti+DXhp4PeFy2rhxtOh2ZDVr5VXBaZBNcqmPBJFVXkBjk9PKhWNBnrz4zqA/FslH/ALFpBZ7fDFT0UbcmGJLBlOc5JOe5P1+mrV8a92UnEPeLWekuayU0bBOaJgSW6AEZP6e46arL4p6FrZt2ttNbRfGkTZ5uoHQ9vqe/sDjvpmJ3ELu3Wm9khcQPGJWVdp4/1NRSTshWlj5uQ91MjkqR6jp29dSvwY8eEfh7qaO11206Tfu21oZI5tvb4oPOjV3RfMeGohlSopiRjl8qQR56GNiSzRX45aaSLi/9/KgCoowAfmruT+nMP5aiKpu1XVwIKipZ/LhZFLHOFx8Kj2A6j8zqnkv1hTbJXROuDYq/ln8Tvhk4l3Ba/ZtDX7LjqPiFor64XOnhP8ZWSONKhYweuTC3KO5PVjLewqm07msjU1q3dALbXhPu24bHVpUigqY5FmpqqNoyeWWnmSKbkOHxGVIAfryjnuNW9NT0pflEDs8RToQSck5Hrkd+/Qew1K/BDjfvzZdyhur3C4Rysp57rbJVSrKKRgSA/u6pc4+CYN8mU9RXTUbHm7cH7+8K2g1iYjgm7Tfj7/5XeXgvxEquK3DSh3TeaCCjvS89HuG2QtmOluUDmKpiU+qeYpeNv4onjcdHBL9PZq3JllXkyMFien01Ub7NHxY27iLumTh5umemW7X6ypU0lbRxMtNdZKNBEJlQn/w9QKYJDNE2fhpKXkyPMIuPXPXyxGIDmRBnHvjtqTC57e0LFCcWcV2nHJMVyjZIGSobKj4VJHXOmetgnqekLYAX4kx/TRd90pLlRmKrgImDe/r740z3G0vSSM0MpwD1Hy1Fwwptchm62qmEfKHIfGeZh6+2g/ctrzF+9YZPoDo8ucSyAxTIVOD1+WNCO4IJjEzFfhOTnGguRmlRbuq3QyKxAwyAg9dRdvKGVFKspAxg9NS1uanqULvy9Cxz01H+7aSOqhcMgwRkHHbWmrHKHL7RrLcGbH8IGs0ovEDJcJFKsSD6Y1miYQrKFTPC1CHMRIQMDzDp2GM/z03zfdYpOds/EvXJyNL6r4qRo1KHIPLyt6Yz/TQ9UVDEczk4Bx29umudZk3X1Lr84EoNuSfNt1dLFIYDIAisSmT1xj+/56eGuUM3K0fLkD1HT10FUmZJgYi3qTgaUBpS5CytgH/FogYHFcw6udFBw23Rxa931FvqA0AUcpABHXp6j5asN4fuLtZbrtSXiCrKz07qysGx7H9dVMpaiaMYz2PXRxwv3yNvXFI5ZsLzg4Y9PppTUKMTQ3G4V50T6TyabqbRIf03YIX6dPszPFhReIjg3T2O5VatdrNTojAtkyRAAZ+oP8iPbUy8feDlh458MbjsC9wI33iEtSyMP93KAeU/IdcH5HXEL7Mbxf3Pgjxatd2huGKKodUqIi/wsp6EH6gnXd/ae57RvXbdHuixVSzUldTrLC6MCMEdvqD0OrnQ61uoURgmy5uCO8d68q/FXovL0L6VM1TTezDMesjI/a7ct+o8CRyX59vFtwIvnCjf922hc6WSJ6aodVV1x2JGP11UjiZbp7RVhlpM83dgvbH9jXer7XnwgU++9pNxo2vbQauBeS5CNOpOMBzj37fUfPXGji/sFqmCWnkh5JFyDkdj/f8AXXONY/SNRNO/2TkHwXssldTfiB0Oj1en/utHDIO5wtf37hVU3ncEikd6aNeZj8UhP8tNtBWtIRFliMEnPbOiDf22/uVayVEOSXwY2PYj10Lis8u4iGGLlJBxgemD010rCC1eFVYfHOWuxZPaUVS9OKo4KqMgc2nGxXOXnWmkHwqcr9B6aRbeqEkJiuMxCquV6f376+1FRTw1xjoZucYz5mOg1u10q88OyLKK54lUpGQObOR7+/6afKIGsq2usuSFACfM5/5fz0CUNY5rEiXqCOhzqTtvUAqbZDFH+F3Y/PsNYRZZF+o7CWNDOZad8kFugVPckd9TxwJtU9Paqqpn/eRMiNC4bHbPf69NRPZ7HPcJYaalZOaSNSWcfg/59casLwm2wbVaI7QZSQ8HNzN1Gf76aC518K3pYrv4im670SVVW81NSsOZiGY9guP8tRzudGiuPkJGAVnRmPTGAR/ln9NTVU2WASSvlSqZDqDjoT3/AJ6At5bSsomlrYJEwqlnUn4XwPT/AF1jCg1UXNRNU2h6y4irki5lx1T179P5adrlSPDQBVjKon4Onw/PSd7o8DtFRxluY/Cuewz7/wB9tPtHcVr6H7rVFTygszH06f8AXTQKpJAMrNuSLJbIRNC3MZQGJX0yO+iCoSeqpIVU4QAKvIfXrpvtTQpQlWILK4OPY9DpbYZJJ6xaGGNgBMXII/vvoje0UlILBFnDikSCtSMZJXHMD6HH/LR/dLstPTBIIxgDLY7kaFtu0kNLIa6CMKzqMAe+n0PD5mJVByOoHro7QAEm4p9sxlliaomJAOMDRbtedndcEfAOuT2GhC21aTRrGg6N0Cn2z0/poisfNTvz5/i6j6DRWbIL/ZR9ZKpP90BjJ650Q0kiO684C9OpzoKs10UzMQmFA7k6ILTWyPMGY5DjocaK1JvvuiqnKxOIwD06499ElBIz0mIj175OhmlkaZBIPUYPX5nTzYppfKMQYAyLnJ1Nu6ATZbJWeU5SPJB7aUWugnNwWpdwAnRlB7aW0VLSIgj5WZj1bJ6aUxrArnAAB6HU0IlOUk8aRBIkxzLpDVU7OoyfiI6HWVNSy4SlIZlwBntrFcqTJO4xjqAO2thRSd/PiyshLcw6DPpqL/GVcY6Xwk8U3lyoHDe+qWUjPW3zgd+mpXXy6qQrG/MQOhGoa8fpa1eCnirWlcsNi3KMdPWSBox/+fqMwIgdbuPyTemkDU4CTYcbP/YL83O8BRtxxvtOCUD7wqEjhdyS6vVkDJAGeXHXtnPTSrhLtiG5XRdzXeilaNKiMpHgKpWOdZGbqMFeWMqQOuST27u18tdPLxCvlRFSQPLUXmpKVJYhvMkqSwkX5KEQAe/N89dWPEh9lPw/4LfZ58B9xcF+HkNZvPdlltVdu/eNZXU8UdUl7t1dXRRUssxCp92FCInfm5XSpYleeZXSDjc8Pooxs4JQ62AVzn8I+zd8bO8e3DLfdy2/WUVNR322brhq7jTmGE0tPWjy5i7dDE70xQOSASTjoASUcIqu2bL8HMnC3cCW+O8JxOsO4Z7FcaeV0rYqGnukZlMkQK8wNXGnlsVLJJ0IKkiz1m+zw4y8SIKWt8Q3iS21tC20Vrp6KmtG0oZLpPDRQIscUAfMcKqipyqOd8AdySSZd4KfZt+D65yNNw34Obn4rzwVnkVd43VvGOjtSzCQIyOlM8A5g2Q0ZmZhysCOjYZNG8C73Bvx+WPil2Odf2T57fNUe354h9q7k4hX2rsGzJLg27dnUNhvNqulwlnkqDBbKGjVohTGNuVJqEVMQ6sDJyP5gDc/Tv7C612B+GF83v4nNnUHDjcWxJaWk4eb43ltKVKqO11r1r3JqY1JxUT80hBlkVmRZ8AvzcoOuG3hm4t8P6CGXhfwl2Hw3oKyYU0P+xe1FlqZSwBjLGkj86RGJKiR5GUgM+Sg5tM3jE4Qjg34c5OK3EXjHNe91mqo6I2m38gpKeeUTSlJDITLJ+5jJVsL1BJGDrboKVrLl13fD6n4o8AkklDG4vjGefu991S/xDfacbF8IXGTemxPBZw0oLdFFuW4oN60RBr7mr1crl4KhlH3KnwwC+WDPIBzebECAsY2H7aTjDY6OqjpdoRxT3GYy108b80lUxOeaWRyZJTkd3ZtV88QEEdw3pcbgkThJKljFzDry5OM/PtoDp7YS3xRE8vYEd9BjnfyTtXRmCThIV/OE322m9Np1Audw4fS3GZ8lhVVYWNOnQYGTgH+Q9+02eJ77TDxQVPC61W8biWyXy8QoZbbRR9aMyASNGWbqTFGyxMT3kDEdMDXLnb01DarhSVVdblq6aCdHqKRiAJkDAsnXoMjI/PVoPFBxPte8d91vEjbNzpbjaail/8Axclp5AWlV5HBMi/iifnVyUYBlUr6EaZNT+i7iPa5fVV4pw6oaAMbn6Iq2j4/uPmyK+KtmvUdyNHUw+cKlMOyk46sPmSQT7alvi/469rcS7PRbcvkn3G71lNLGqS9BIVKA8vXpkP7+mqJWS8OLrUU9/f93UUzlzkZJPxAgepyBrR4xbJUbT4ccLN2tcaoXm62+vqpy8g/dxL90MDqAAfiRsknufodJw1MzZOIcuScniiYzIQZ43Yxd7lR32EdYKt4pP8A1rzZ/wD3f89QA5HUN27Y1LFdxBj4pbQqtq3+VFubR81PM5x5rr8S9fckY/PUShCQFbIPqCNEe7idcKukFnLKorlChwQPXRdw6uq0RIkiyHHK5Ydl6dvn/roOqmxIVH8I76etqV1VGjjoE5lJyOhx1/qBqNgoMPasrd/Z5Xm+XTj/AGGDaUcvnUXELb726UZLoJZJkqlz6JJCuH9lUDtrtbSQnmLSqeflxgdtUG+xH8GV8tVmHie4h7eNEkpmbadLPGVlqHlVY3qyp7RrGpjjB7l3YYIOuh09vkjOYk+Igg9M99CeAHYTsIIFk0VcCrUl1UAuOpA0kuVBUzkPCyqUU5+Hv+enWSnmjl5JqcnB/ER215liVULSRk57EemhOGUy11kF3m1OoEkpDN/iB9dCN4p0kiYMoww1I11pjNG6FBgnK9MYGgu7WJmZmUlSB2I/lpYjkmGnCiXdMISYhl6LnuNRrul4WZ48BSc4A9tTLvq08kDzInXsen9/2NQpupXaoMQyAD11Fu6kVGV7pFFxcEEfQazSy9JM1wfkkAGAMFdZqaCRlV6hpqU0IkDDmI6DPbp1/kdMNZTpRVpjljyj9RpTS3CGNAWJyDn662VqPXxH93kdACGwQffXOt7Lsr6l1Npq2cTdwtNPTRQU4lEXxFTnlGkUDBZTIUZc56MNKoqKpjgML1bnDHpzdc50mnLR5BkBI6HOmY1xdaHAC4styVaAFfKGQc5zrzDcnhqlZWC+oY61QyAqWdOvTOB09teKqNBh1Gc9j+ejhoKppXuFnN5Kw3h+4niCpgjWpKFWBUh+uc67p/Y1eMej33s5uDO6LuPvUOHtpkfOT6r19x/MfPX5vti3+ust2iMB6c+cZ1evwPeJO88Ld52zdtquLRskiM/I+OxB1Rycek6g2qZ7OxHgvTqGKn/ETohLolSf1WjijPMOG38e9fpC3Lty07u29WbZvlMs1JX0zQ1EbDurDH6+o+Y1xC+0Y8KN54B8Va+gmoz9zqHZ6eZV+F0JJBH1H99NdkvDrxns/HjhRauIlpnVjVQKKtFI+CUAcw+We4+vy1F/2j3hcoPELwTq6+iowbtZoHmgZV6yRjqy/l3H566DW6NupUImhy5uR4heM/hl0lqOhnSiTS9Q7MUp6uQH9rgbB3vwfDPJfnG4s8O3r6t5IUQf8Z9D89QpV7daivJNQqiRfb01c3i/sWfbl4rbNdIGVqeRkYMuCRn/AK6qvv8ASGkvkzspB8xsfM4GqvSqszxBvMLtOn+gt0vUOsb7LsjxBQ3OkSyGHIyq+nz1oALPhQQM9de6norSREtzE9++ktDSzyTkPIW9Dg6t2jmvMZiSbJ3sSlrnCnoH66mbbVcKBoCoyIjlgT7jB1ENshFPeKYJ0U9SAPro7W/CmIjeTlZ+mfp/Y1pwuVOle2O91MOyDDUhmjAJDKyn06Z6Z/PUobe3JJAAwrOZ40HVW6f88DA1Xnh9vCoh5oJDlGkx1bGO4P8AXUi/7QGK1M9HMuFTm5ub0P8AXQC3K6CnmYYwQjmp3VcIbn5qSZWWD94C3RuudDm69yUlxoJIIp8CXJQAYKHocZ9unbSK03Y1sLzVDliqgn4e39501S1Nroarnq42CQ9VJOcZJA+p1NrbFK1Di4ea2WjbL0trq7zVf711KwR4/D/eNI7eVjoaieeRY/Of4WPfAxzY+XT+ektw3zW1FW9rg6QsM8xPXH+Why77mq7pcWpo0VI4gIyEXIA9vnnRwCqaoLAAAja1z1E9wEhkDJKSfL5u7aKdp0dbUXNquB+UAjKjBz1wevyxoU2izF8zQfgjDQ8oz1I1Iuy6ZpbVNIFAcv0HbGeh/oNFaLHCrnjCe6erNG4558oowevr3/y0upL3G7vzAEKcEhu/pnQzchV0zYSNmWSVQ7f4eh/560JWzQzeVI7J8YGMemmRsk3BSntm40skqkzqQFBXJ6+v+mii210lXIjpJjLAFM6jnZ9ZBAyyBfgQfET37Hvo/sACzxSqw5XKkfTUxhCcAi+1SQ8jRBenXJ9xopomSNIpYnAyOgx20OUEcYiEkY+vTrpyt9f+8+7jmODnRGpR90Y21gkYYt1J650RW0xGJVQnPKD20J26qaRQpjGFICkH0090tY9OV5QcsRhc6mCAl3DCKqKoWNer5OACB7e+sqKl3iWFTgBs9D302RV4WmICFXxj4hrKSrk5/uvfoSDnU+aCQU+UDkRK+ARgYGtrskmWdObA6L8/TWm2h46VHKHBzn5f3/nrfASi+ZnGeozqbd1A7LzbmDsQIgo/4TqIPtH6Gor/AAL8U6aDpybNqpjjvhMOT+inUt0k0yVTuiZQucYXGOvb56Y+NmwIeLvC7dHCy5189HS7l2/V2qetp4w0lOlRA8JkUHoWXn5gD6jUrXFljHWkBPeF+aPfMFVYOIF3jrSGkt19n+99PiiZ5WUq5Hs8T4PYfEffJVFx34sXXbG0aeu4n325x7TgNPtakrrzJPBbYfMctDTxOxWKPLEFVABU46AAB98aXgr8SHhR4z3ReJiiGe5V71NNd2Dtbr+xZv30UuOUM3OeaN8MGYnHXAiW21G2YbzV00tdPZ2pnPn22sUlfMcDmjB6cp5mc8w9PQgZKkjHB+U9HNwjBVttq8Q+Hfjk2HBarrvG42a+2RZC8MdbM8BUkjNTTowM8BK5WePMkJOGBwvPIvh98YHiq8CXE600XFuuuu8OFr2uSkvOzKK2W2o/btM0IgjqDO0am4GFUjCyM/mMkXkuyc0hHOuXdW5NgrQ3nb1bW2mZaiSalqqQGILLkjzI5Fxk4br8mxq1PhS8YlPxyMPAHinDbP8AaC51KwW6musIS07inYhVj5lINvrmb4VmjKxynHN5UnxyGa4PGd+9b/TlcGuNj47Luf4O/Fh4VPGPbLpu3ghvWhrqiOt/ZlRbOSaz1dviMxnSRqVmYSLIkAlVol+LkKcqcr4i77YLckFLwA25sae1VsK1246muR6+qo5nqZaenWFpA9PIxKlaojLgHKkYAUZ5lbUvPFfgBvO63rw8b4qrNdArwXbaG5iiOJCrriQOPJnK87BJCEkUsxGeZi84cYPFXxh8WHDiz3bi1w5s1hvdmocSfs6iame6u8MfnTyIESNSZYzGqxAofJYhiXIUJl4QWn3/AH/Cv9M0KqZqMTmtxv8AD4qkXFvbslTeJZEp8qkzKR6EE5z/AD0If7MeVIywpzjOEYpy9PfB7Z9tTVuO0wXqoc+WUDNl1ZcFG+YPX17fPTLDw9lqK9I46aTynbI5uvbuPy/owPrrILl1grLXKUujMg5KJayxT07AsuA3z9dFvDHZ993Lba20086pDTMJl55MBS3Q4GPXkA/L5nRZuLhtPJURRQJ8Rbvy4A6+o9O2lNhopNn7tp7PQ02WqqNo6rlycEjnX+aj/wB2mZojwErlKcNMzeLZRnxDtt42zDHa6mi84knyQ7lHQ5wfj7ADmz+XpqJeM++LNvHefk7M2s1BS01JBSRwffpauSaRQeaV5JOrM7EkKAqqoVQox1kvxA8c7dZrrPRU0/3h4l8mnjRvxEH4mJ9s9Py1Xrzb9uu9TvSLI8tbOT5ceSWZj0X598DSUPE655IuoPjiAjBu47hOdruVFtq7JUQ0UNzr4pD8LPzU8JHsVP7xgRnmB5QRkc3fWy47BqaiskrrPR1NLb3AkhWrHM6AjJBI6MAQwDdMgAkA5Gnrhxw1uV5t0po6GeScheZwnwKGAYHP0zkalyzcM5bE8UhNQ88FK8Soqtysrc4Oc9MlX5SOwAPvqbpWt2VWyJ8guQoMh4M7wrZOaCKNUY/DLMCqn6d8/kDrob9j79lfwn4kTJ4huNm+7Pup7FXKINg26Rmjpp8tyPcOdVLg8pZYVHIcfExPMgrVV26vpJUanV8q+F5uhYHoRk+uG647ZBGpP8JPiU3x4a+NVu4jbdpiyQHyrtbvNYQ3KkZiXikx8ycNglWCuOq4MWT3KL+XaCu4NpoBSBFFJHGkaqI44owqooGAoA6AAAdBr1UiJ5RUQxAqOYMB6ddfeFHEDZnFjYVs4ibEuiVlqutMJaScAZ6EqyMPR1YFWHoQe4041FHMr+eFQI3U4/p9dFIutZBsUMVsKyOCRy/Fnv8AXSeSOF8Q8ucjqNPNVRRVTmNMkqcrpLLbUVzz5B5Tj56gRmyK0odudIIo2QIpJxghdCF7iCFnROmNH17ppoUwq/Cex9c6CL1TTJKwePOeufTS7xzTLCFHO96dJKN1IGW9/wA9QpuixRs0sjID0wD9NT3vK386krn4T21EO97fLEZRGfhyRg6DzyjXBUI3mmjjrip5s4641miG7WuOWrLuozy9c6zUsoR3VJbcrqRDLGWX0+Wnq3SClRoqiLueYZHf5aTW1QCVICt6LzaUNU/EqPGCQCpz7a5w5K+q4XCFnESsrUikqVKpgkfCAeuNN1zsjqfNMbLntnPTr107imnEoPl9eXPXuP7zp4t9rgulu5KlgSrHLMfp/pojZOAKgrKQVTnNG/JBlNSy5ZO4x0yPXW+a3ySxLkcuD0GPTRNLZI7bIYRECD2IHcHWmstgnj5Y4ArBegHqNNNk4iLLmH0DmXaUK+e9HL5ijBGOuNS1wL33W0dXFSGQgAj4ifTpoDqtvJ5JldFJLdRjOenprbY6l7FWCeIleUkY/wAtRqoo6mEsKlotZVaHqjJ2mwBXcn7GLxpnad9i4U7xu/Lbbi4jQyv0Rv4W/In9CddYnSOohMbhXV1wQRkMP8xr8wXhb4rV1ont99oq10npnRgwbBzr9A32f/ies/iL4LUDGuD3W2U6RVaM3xMgGA35dj+XvqHR2tdG51DLuNv4U/xp6Lx1UcXSmgb2ZABKBydycfPY+iof9rx4M6XYO+X35tqzYtd1zIjIuQp/iU/Q5/Ij31yW467UttructatKZBE34QO+fXX6kvE1wOtHH/hLctiV9PG1Q8RkoJHH4JQOgz7EdP0Ppr89vjS8PV74cbruu0rtQvA9PLIoDJjsTjI9+mNJajTnSdSErf7b/ge5W/RXVm9P+hLqOc3qqYWzu5v7T9D43VG3uMk1QyGEIufg5T6aU2pSJRJjPXSjcGz6i0XOWFo3zzHlBHTv21tt9tNNyGRuucEavGvY5twcLyienkhnMbxkJ72vamuFb94ngK+WPhYjp20tuUYnvUdIkvwhsFh6dOp0qlrYrZaEigQlnXoQeuTpohdlmM8rEAZ7nrnWwblBcAzARnbZIKBkpldHIjyrg5z66fbVuipdvulPzCMMMn3AP8Az0HbagDiOp5CRhixx1HXRJSxQU0johJxgDA6deuo4T8T3WwpA27fYaOldWAJdVJJboB30NcQ92LBMY6FxJ8RBVfXvjSh1iewJWUrYZm5imfxAdMfy0yCxz3+uDyRFY16dD35R/Y1Jozdbne61ki/bZjonnmcGbkwCwx19te9oTCabmeMuZAfiPfOe/z1rvW3qmaoKRwlR3VGOOnoPr20v2xZrnbqlDLGByd25h065Gj2wqmUEuspa2RaQloSaWmHnAHIbuCcemiS2SpSVYDVKxxAqpVuxP8A10ObSqp6+EBJDzq3U5x6YP8ATW+7yzS1Zo6ck9AD9dbjtdBkFm4R1cJUnCywqp5SOYg9Pf8Ay0nudjiqKI1kM6ebMfhAOf09u2mOguBoaNIKyRmaTOcn0BH8+ununaGQ8sD4aMZ5f89MtsQki3KerAsUED0oXmJADE/Q6P8AZ6BoYqeR8coyM+vbQBtZxJUMkkYHmAFTn29/56kTbkJloxKhwUY+npnREFzSAi6yVgFQadiMEHlOe+nqmpgSfiAYjA+Q0JWWZ2YK5+I/xaLqBZHRZSMdMdT66mEnIMoitLxRRKvck4yffRHbKSGRVM4DEdRzHHXTFb4A6KWiGSAcfPRFQHnkRCmMY1JLlbW5GXlZv/KD6jSu2RU6T+Yex7ZHbW2nt6SMObup9Rr1NQin5/i5fhyNEHchFOS1kYVII8YJAz8tOEFIr8oY5zoXtAdbmnmSHkz8IJ6emjS2qzOAigkD21MbIJW6OywRUjGNTzEdCT20ngoIquNqeXB6ZYY9dPTxu0flgZyMY1rpqAwuwdApB7/LUhuoFR1xL4N7I4oWCt2NxH2RbNwWOsTlqbXdaRZomBGCcN1U+zLhh6Ea5tePH/s/MF9t027/AAdXZZo4n85di7iryrxkZwtLWnr8lWbIGcE+uutslpDsGQk8wyxHoP7xpvqbXGtSgWbs4B66nYEWIWg5wNwV+UfjLwq4scDLrNwz4z7Hu1vrKGeRRY75TPTVdJzOCXQ45ZVIX8SkjqegzoAt99uW3LtSXrbF5qqOsoKqOqo6mNvLmpqiNgyujDqGDBSCOuVHsNfq28Q3hx4HeI7ZcmyOPvC2z7ooACaUXKnzLSH/ABQzLiSEg9cqw665qeI7/s0XCjdlfU3zw5cbLrthncmG07kov2hTAf4RMhSVR8yH0PqRu0ohn4m5H38/mog40+Iug8UvA/bvEXdezqNdyVtkpqig3HboRTyfCRFVQOEys0Uc8dTGjEZxCpJ6tkL2LBv2CppbOLhPWxiR+WGKpLQ5C5GAPxBhhgvUHOMZ7GPELwCcdPADwg2rtXjRuWw3lKy+3OKzV236yaWKKkAp5VjdZokaNjLNUuB1B5j16akjwq8PNub7qhR1cIL8/KAOh9wQR29f10qaYyyFvNei6NqroKNkh22x8R6/BNMPADdm5obGLLSiWZ4J6KpkkiVvMJk50lJ9SEnCBh1AjQ4B1YGw+AOptuz6Cuo4DVyVFKaiNmA/AWdIyVHQEcrd+vxe2rFeHHw4GkoEtr2eKeI8vkTufiiZcjIJBOMFunr8P+EDVyNp8MeGmxuFlfWbxraanlSl5oxIBgMoB9fYD9CdOw08UGSs1nXWzMEbRjuHiuKPFXgdDw4qXq7xR+U6SlXaQAYHL16fLr/P21SzxW8b6Xh3QVlPtadTfr07RxzxsQaWn7MV6+2FB9+o/Dq6f2vPiGslo3ZBQ/tJ6Wmr4pZ6OngX/wAVWLz90Q//ACxjJkbCLkdSSA3Jzdl5uXE3iRUVcsBd3UrFTLJzeUqgnywTjJHXJ6ZOT0zjW6yRpbY4AXJdXJ1wiZ7bjYW7z9UH1VVU1lQamuqGkdj8TMck6n/wvbQnvdvKWe30tYZeeQfeUZPu7jnRPiHUnHlyDBwScH10HeGTbMd43dF5tjSqcSnAmjyOXoRj27Hrq9eweD+xrRQJdbNaYqB2UiTyIlQuo+Fs8uASct1HfA9O9BW1rI/09lcaT0elmgbVPPEHDbmPVDGxOD9is1CKsrFzczCOelURmM9f92iY5Rj0xjAHQ50XQcN5YFdrxTUsscQGHZQCMfGQwXAPMFwCuCTg4Oid7XbLTb1MNPJzRZcsA2UJzknAwScqMZzzBfTGldPFPRW/7zJRkPBEWqDI6nmDDm/CclumRjHXmXHXAFUZyTcFXn5ANj4bYUZ3XhTt2rkmmpKGKJIVYxBgXJ9FPfPUdepycD36DUfCGniqBVxWwtOH5opE6octkgrksewII7q/p01NF1oqK31Iq6UtGjBo5xECWhc4Zsdv4fiwOnN07trVDQbf3C+bGxkkZcyUwGGQKpwMHJCglRkZ7D105BK7dUFXStY8tClD7OnxE3vw371fYG9Z3Gzr9WRCdHZSlvqCpCVKsew5QgcAfEvxf/LA10XudY9av3iniVo1XmQxnoR7jHcdjn565X08VopYv2DvShqobfVBmo7nE4kkiYNlQ5bOUJUjA6jrjOSRc/wWcZqu62OHgRvWsJvFpoxNt+sDgpX2/A/doR0PlHIAznkwP/lMdW8buIKmlitkKcYUZagtHlW9ca+PCZqkrIxypPLn204i1KrGaokPOVAPToPbXlrfHzebzZPbOpOul2ph3BSOYcsObJwToMvtFCYyEb1wOYdtSJeYl8vDgkAaC9x0YjQuqHDdM/loLxcJhhyox3ZyrTlXxnB6aifeNukq45CHUZYAA++ph3dQgArksQcg/wCWok3dK5D8r475AGlzg5TQUN7ghuNJc3gbHTtjOs04X6Woe5yEopx0zjWamFq5VIqpoYXdh+M9cYx01qS6RryhE5nz06dvr/frpRDRCtDLIcOigE+5wf8APGtc1kkglEkaFwSc499c2LL6n1GGoaA9g7KVU8sigyE9WJ5h29P+mna1SP5Z5WwWbsx9B1/10zEEAJgqB2z6HShLhJSwksxIB6jHTUuDi2VLNK1j+IokKxSr+9+L4ehz20kWJwQzdg3UZ0ktV2FxlIjJVkOWXP6HTnMgFI00eVZev5aI1pYUi6Rk7S9qRchZXjyegwTnTDcpiEAwcljnB0ve5SLO0LNkuegz3HvpqvkLwSEDrzDOR66aY265iteHC45KUfD9vBqCdaRnyC3Tr310p+zC8YVZwM4uW4zVZa21zLDURs/QqxAP8v54OuSuxrpUWST740wicYKA99WI4F8Umaqp2jrSrwSArg+uqXU4ZIZhVQ7tyvRehuqUWrabJomo5jlaW2PiMe5fqcsl5t24rPTXy01KzU1XAssMinoVYZ1QT7Y7wYUm7rM/G3bNu+OROS5rGnaT0c/+YfzB99F/2Q3i+i4tcOv+6rc11V7jbow9B5jjLp/Eg/8Azv11cPeuz7Hv7a1ds/cdIs9HXwNFMjDtnsR8wcEfTXTPbDrulXbuRjwP38F4VBJqf4U9Oy19yGGxH+uJ3+P/ACFl+WDjHw6NJI9WkGHiJLjlwQQf+uocT71VVbyMnKscgVmA/D0766TfaP8AhQuPA/iPebJPbWWmeZzDIE+FlJyrD5EY1QK+WFbHcq8SIRFLUqoTHpg5x/LXO6XUPaXQSe01epdPNFpZeq1WhN4phxAjxF0ttVjWvEcZiMpRRkq3QnHbWrcu2KqKeP7xAEJQFRnpjtp+2ZU00Nt8qNVHxhQS2DnIH9NON/pFuzwiMrzOoC9c49zq44jded/lmvi8UObU83zAjRZAQjoOnbRRYbea+Q0LowkZycqOo7Y0ptdgpLPVQJLS5QkBmbs3pnRJYbJTU98krY4/LMMgHlgemB/kdSDrrGwllgUzyWqstFw+7hRIHJ5YynYEYwfn662UturKATSOjmVG+M8pwMnoNSmNtUl5qY6yKmX4FBbm6k+3+ukO8rBNRUs55FyQuVA989f6aK02WSQnJKiW4yXB7l95klwYyG5QcE/XTrQSVl2p5qikiUugGQq9vn89JLJaKndV+kjZC0YkIlceqjso/TUscOuEtfFcPIhoXKshCAjPMO2jXACr2073m9lq4X7XuNRRefUkIxAL4BIz6A+3/PTlXSUlDXmhaMq5lGSfbOpetm0KbaW3ZIp4EGYGHKpB5ie5J1Hm89lF6lLnSMGcKCwJAzjrn66wboE8BabBDN4jjnrpFpi+FIz16fy067QoqppnrJpH5QpOGHp00yV1+ShkEUsA5VBJ+eTp721fxcUC08gAcHCfLsdMssGpEtCKtthKWvSQ5YAjUqbXo6cysjtgcuSucemdRft2ArSiasXlZn6Nn+EdRqRrRcKSWlSemlDnkHOVPbRUtKDdEdLTUsVWqlQAxxnPYaKIxA6JFCwyeq47kf2NBFNXNUlQEIAPU576ebTVssi4ZsjJBz21Ju6ReFIFDKlPymXJ5h06aIrTURF0fGOuPi9NBNJdI5PLMsoAUYBPr108QXemjiCJLzEsO2pghKEI4imp4V8z8WfQHppLUz1DK0tQBy4+HA9NJbKUlQsx7DpntpSZPOYqXBX0XRBugHBSihpjNKmfQg6MrSgipA6nDOTnI9v+uhe3KkXJK5wPUnT/AG25xSOiIwwDyhc9+vfREIlPkaSS8qKRnuTjoNOVPbo2YxF+bJ66R2hfOqeWTovcj+WnaneGKoAjYHPz1sbod7JHUW+WJTyL0HT8tNlXbJVBlVBlepAPb56KawLFEJnOB7tprrY4XcsQSrY/CdTUUyC2x1gJqU5isfb5aSNaoWjMSRgAHpkeunWNGqZZI4vh9yT6dtbVtkMiiGV+bA6nsdYtDAVS/tXfDLvvjb4U/I4Y7aa8XiwbjprwtDSANUS06xTwzLGvd2AmV+QdSIyRkgA0j8NEG8OCVDVbm3ftW42uSjj5zHd6V6Rch0HKzShQD1yOvXGuyckEaJ5cXQgfCR0xrkx/2mXxT0tv4UW7wh7UirKmunkTce56u3rzR22CM/d6eGoOCEEzVDnqQcpCBnzMhedrhaRjrHbz+wuv6O63TUVPLTVVMJWWLr8RaW4xyN7mwAxk7orm+17p9i2zOyK+3V5NfFbKSisUrV9XPVOjyLGI4c9wjHmJCjHUj1APEv8Aa7cYLRYbhLQUElbfDS1FTTUFyovOFP5UbvLLLFhoYo4lUOfMMrORyhVB59cv/CaeMG+dyWbhrwF2zVXTe81bJT2c0qZmp4Xw+VkPwwRqxmd3OAodyTg6vbvLgxb+FXgkv/D/AHV44tpXq53/AGZNdtrUdpgcz3+kSOSoqqeNnPnSiaqqOQS4X91TKeXl+9DSofXz1Nr8LG8+bj67D3nbZdZ+a6NU/R4y9WZaqYDhthkQNrkn2pH4IsbNFv3XxRrjhxy4+eIXfdk3zuK3wtX01gYSXSnh8yorE8yYSVFbUNkySFpigHwxxqY44kRVUajna1itt73E9joGmeqrazkhwuCnxHGDn66n/Ymzrbt7wwyV9nhmkuG4h59dOzNzKsRaOOmAPRQ0ztlR6wRk++nzwt+ERRXf7a7tkZSJQsTKnw82ctjPoPiy3XoMaWq6pkbXC/8AyqHTtOkNVGA0OLsm/IEcvG3P3bI/8O/hmsvD+2R3fzHNRJGC/nnBRSCA2TkYyPy/LUs2+01s0slJZqBpPLQlkjh+J4+bPITkgZLKc+wHudL6S3MkkdM8XMkcRVuVOXk5cqoPL/DlhgE+p9QdH/CrZrW+gF5rYUp5mbm8woSyxszEc3N3I+E4PXlbGuVlmfK+5XpTYIKeEMAsEPWHbrQySGqpFlaWcGV1kODJksQVJPw4I7dSXAH4dNW/N2WK1M6LQRkxSLCvNPkM5CsrseUYLAY7ZAPbrnUg7ztlNbrjLR3G3PEyUkRqUk6GFQ+WVsdUYPIRn0+E4PUGqnHPfcE5WpCRoTPJIh8/PImF5VAGevcAj/H6YxosQc5UkjmAG6kayXD/AGstJtUSRVtTHGZrbHKp5TIGDoucjJd0BbI5SMjI7kIv0FZtm8S1+3rvJTVc8i/cXgmYsFKqFDYyB8J+hJY9ca+cJtxtE6VNbeaQPOyeWOVlKIWBZQcjGADjvnlPY50q3hZhTmsjt0xlFvaQRJHF8SryxSwxh1P/AOrcD3JGO5GrajYeOxXJam4HtBHHCvirZd81sWzt90KUd0mjULUE+WtQhXKBlHRXKuCOmOboP4g0kbG3RuXhxfaSnt92NFcrdULW7ZudRy8lHU86p5L46NG58xGUkDAOcqW1ViSmgaVjCkTxImYDEp5WRSVJGOuSOQ569x169Ju4Nb2qd+WiLYW51jmuEUAW31czZM6ITG65Byzqy469SCCRjqbhjS04VDxBwsV1E4ScU7Lxq4bW/iHZYBT/AH2NkrqHmy1FVoxSenbPXKSKwBP4l5WHRhoigiIyjj0z09tU78B/F+p2jxTfhjuR5aei3Y7ReXPGwSO6xJ+6nBI/FPDG0MhJyZKemA6yEauc9G8SgyZB9CfUaK4HZJuaGOKZrpTMHLnqvqCNCt/o1emcBsgHKEHR3XxRtEwzysP4s6C9xsqq8JYAgYBB+WgnZTZuos3hA6B3A6N2GO3vqIt5xB45Y1GD6ZHvqYt6uWjIYdzkdPlqKN7Urq7/AA9QCB8/XS7hlOsPZUKX5Z1uLKkigAe2s0vvVuVa9gYvTp31mtLFStPulJmodcA8pwwHYsDnH015nljnk5YCfLY8wY9M+30020i3CtdKeTmVVHxB+o6e5/P+WnSOlSmhbkVSc+vUH/n01zOAV9h6hUCqHDGLMC0XChaCETxoTk5BP01ojmWYEyIcHtntogjpIHt7RnJQkYBPUEf9dNDWhZGangm5OTPU+/XRI3g7rkdTonRm7efJeqKmpYf3y4UnGSB3I05i6jl+71AwrLgN89NdZFJTR+QXBKgdQNN4vEsjCmIAIHQ/LOm2sDsrmp52Uw4dl5rJjFcyykfBrfd5I5IkqHPQr1C+/bSeWAVLCdRjr1GlNfShoREWwCp9Ox0wALLnZCXFya2kaQBg6ry4wc/Pvo04Ubje1VcUg5yGlwctjrnQZJTOiByDhSMjSu0137Pg82SQqFbI5dZLG2WPhKBTVUlDUtlabELoz4FfEdeODXEm1btorkYxFUJzlG9Mj9dd+eC3FSw8ZuHFt3/t+oR4q2AGVFOfLkx8S/r2+RGvypcBOJstTJHTT1HKynsSeh6YGuy/2L/jSSjl/wC5jdtzBpq0qKWR3wEkPQHr9cfn8tVOk1DtL1A08h7DtvNd1+IWkQdOuiLNYpBeopx2gN3M5+o3+HNWi+058KtLx74L1O4bTbkku1ngaRiFHNJCB1/9vf6E+2uC3GbgpcLbdKqGajIlpaqRpIyO4AA1+oOoghrKZ6aphV45UKSRsMhlPQg/LGuSH2pfg0j4XcR5Ny2GizaroGlibk7Bu6n5gjH6H101r9I6nnbWxDwd9Cub/CrX4dY0uTozWnIu6En/AMm/UDz7lyfgtstFThKgtFLkkp79SMf00dbTttVaLUKmqRWn5VWIt1PL7nRhvPgrXpfKq4w05McYR+dl+FCVDEAD16jqdJprZFSRxIFYgR8qhlPQfP8AMY1Fk4ljBHNbqtHk0+qcxw22TNLLFNUxHAYdpSF6g++NEMEP3u8GsLKI5UBKIOpAXBOmG1PP+1npXpgUHVcgktn16aPLfYKceZ5HNzKnTJzkdP001GbYVW6EuynHbtZFRVEZkf8AdyEBQT7Aj/XQjxB3+qXyaiABhjHxA92Oe40qlFzSuMFPEWaJzyBjgZBPc/z/AC0G2PbtZubfLJXkNGsw891OcDvgf32GmG7XSNQHEhjVJ/DKyxURhaeCMSzHzZQoHTOCP66kmSeeNeayShGjTMkmMYPbOh3Yu0qm91xmtzLGin90rDOQOmiK8UrWGmaaokw7Dk5R9fTW73cjujLG2TjSV1fdqFvjZ+RcuzHIH00OX6ZKekqJYpCXBLDJ9Pl/fpos4Z2d66CZKpeUSscEHuP7OlG8dlUVNSvQtHkuMgsOmjNIuqyWPBKguutkNUZhUwBRL8ceB2PUZ0S7Z25bqOlgqYIPLCjo2erdyTrzeaOhtdW9PUgBlYqnN7e2t1ddo+SkipGUCQ+WoQ5C++f1/npluyqHNDborSenkplj8pSUGVz3Of8AoNPGxqiaeN6aJAiwycvf5nQtQK1bK8TkqyryAq3ceh6fPS+wCuparmgkyjsDlmJ7MQf7+mijIScoUmUdFM8fLEoJI6kHThbo3VuQj+HGTrVYKkGijBTDNnOnekhiCFXHUnofbU27qumGVvoIZWKySscBumW070rck6Kx5SBkZ1oslGCfiAOBlfrrfcIZXqVkjOMEZz66nY2SJGUX2m7saPzFfqQFAxjJ06QVccI55ApOOpB0M2aVRAsZXJRs599OpqcRgBepGNECC9tinpbjJPEAq/CSOY+un6wXONXiKUaHGC5J9tBUVXMjmND2Ixj+eibbbl4uYRkg4C49ffUwhEBG1tuqecCGyWOOmn2gZCfMznvjOg+10k8U6sq5Ofi66JqeVKZCWGSR2+epjZD3unG4VRelAY5DHr1/ppLOQsAKnp6HGthdZaVGbHfprQ85QFOXAVemdSUUgSpSkneNjkBfhPuderWZZpWlZMqwyMntpLHDHJcuSVTjqQQeg6Z06IYIpysIIBGeusOFNrLpt3ru/Z/DvalfvziDuOls1istHJV3a610oSGkp0GXkYn0A/U9B1OvzycUNz8ZvHHx9uXE+m4r2ymtm69wX663G0VVW0f7DoBTRtStWO2Y2iip6emcQHL8tDzBSX1eT/tHv2g8XD/ZVN4KuHdUr1d1paa9b5ljk+JIEnWSgocdRzSTxx1LD8QWGAjKytqCL7WXnwueFezw784Qwbxlt1PHtK52hLdLTUtPMtBTx3qlevETqZvPXyirH4mSQpzRxoBUVlZ+qIoxc5+Frn0uBld90Y0WiJ6yvlMbSA8AAnisey02II47O2BOAcC5TTwN4Z+C3w0cEKvjVuDjhv8Ap7duy1S2WsvdBRBay4G21z1tZ91iAPkJM1HDGnmNlQU5inM5FbIePe4fFZ4tLPxcl2Vb9mbQt0L7S2bty0QIf2fb5KepQp5zANUNFDVT1U8zEklsKFDIqkv2hnGHibxVvVh8Ma0dtt9Xt/byUE9iskJgtdtlfFVNHToCSBHGaKjDsWaRoZizMzkn34IODlXW8Q9rWGWspLglottXXRzQROKeWipqwoZgzDlPnXEFQ3R/LsbHHLU9DOe2nhJB2yka2Z+o6kHMaGtaWtba+c3ybnbLu4bdylqPgjBQbWs+3aGiQwQVjTviDIdmB5WIPZgzO3rk599HFwSls0FFY9qUfnVBHl0yxjrK2ACOUdV7464/EMdcakCs2+LPYp7xclRh9/WN45Dg/CV5FCD8RJAwegwCMdcls2TZrZb5It27jSOja4RtFaaRnVXxiNlJGSQSCCwA+EBRjpnXHTl8u/eu60tscTnOGBZOB2PtzZG0Yb1umrWX98prXZFMjuxIjAA/H8WEGT+IqB36ktJAEjt9lu8bvJcJFLfBkFslyHHTKnAHL0wPYYOmPfUVJuy+bX2RWywLJU1y3G6QlSOaGnAqGDY7jn8gAjAJXHqSCSurhX7ittTQx08UcUUnIGlJyvlPk4GMcxZ1/wDUB0+HEA3htdWTi6YqKfEjuyptNxmlute5ZQwidIQksrPH8K5yAMOBknt1x1xqnPFjdcf7dpausTnjgWSQjzFZZM/Ik4JyenufXmwZh8V+/od1eJK6W21qUorOvkww5+EVGAJJsAd1JPUnBOegwCa08XK2aur6OnclAZ1QOSSFXn+IHJOSARj36e2TbU0IsCuErq9zZ3N7ipL4fV7Uscc9yMTT1PNLAjPh+RiwDAAYAIYdB6r16kaO7jcobjvGptpqBHFW2OOpow7hgZqfmWSTOep8t1Xt1JBPbUNWDdLT72r6xKpzFDGIqFVc/u41iHKM/wCE4PXOe/ywZX7c1LZN47KvZaSRLheJqeqqGKgx0rxAvjsvQquOo6+2NPQtDZmkqkqKjrAiaKgjikMroZI4vMV4KdceWAG5ZAOnT4mXoeoJIzjSjxB3iXg9wWtfE7bUEkdXbr3CgbOECyyAOpwB2xkcv5joM6bHdJZL9JartO6QowigMyhTHyMyNnHbAB755ic4XBOinxPbLqt7eCfdElIjyNQqldHG8eGKwzq0hXv2j5izHBPljAAydXLG3JAVfJYhS7w737R8SdqWbivtWslozXpBUTS0/SSkqYpQ4mUH8TpLGkiZIAeKNjksM9MeG3EGm4t8O7Tv2hjija4UgeqgpZGeOnqVJSeFWIBYJMsiZx15c+uuIX2Z3GcS0lVwyvCO0BpPvETo3xEkLC6Af8PNHL9KbBIDE66peATia09DdOGt0kUO8ktXSEs3KKmNzDUQpzfwgIhUDv5cznoQdRy5t1B5Dxxc1OtxZUHIzEsDkk6Cdzxh1cpkdR1+WDqSqqFJ4jlFBwfTv00D7noYIVclTnPv66AQosObqJd2gtB0B6r1OfXrqLN4c6s1OxPwocEnPpqZ90UsckLgRkDlH54Oon3zAgWQcoyV7gaXeAE40hRVcoVasclgevuNZrTe3kFzlWFiFDnp+es1oWClYKhUt1hhRoqYhnJ+IqO3rrKSuqJZw85YgMSATpFa5aNJjIZgZTgpGRkHv/PSyWqo4yOUYbAGe3p11zPDmy+qKlz+Die63gnVNwgp5bInU5Bz+I/30/LWia6pIGQqV6Agg/U/6aH6uvWkb925/Lr6aSC9zT1APM4XPQHRY4Vzlfq7jdrjlO9dcndmC5znGSdJHppJahJIycju2tlInntyORk9mPp20tpKenhkXnqAQWOMDvpxvZGFy8xdMbuWUNNVhysiNhl+EAf3/Y0sqURCgfIUdOv5acaNElUK0YJTt17e+vF1oEEbkSduoGe2tg3KHJT8EdwmStBERYEYwPz0xVskrloufopGB7DTlc5pYuZM5XPw/T00hNKlRE7xNk+oPvozRbdUNVcnCeuH18q7PclkiJIyMjPz7/z1cTwucbLpsy+UG4bRcGilppVYFWwehB1S21QS0bAlSG9/5alXhRuaot9akDzHLY6Fu41VatSdfFxN3C7PoF0gdpNcIpcxuwRysV+ozwR+Iy0+IrghbdxpcEkuNLAkVeobLEgYDfmBg/MfPTx4qeBVn4+cJ6/atbQpLWRRNLQOV6hwOqg/8QGPqB7a5RfZF+MZ+Ee9qOx3m4MLdVTeVUIWyCjAZ6e/qPmNdn6KupLnQxXK31CywTxLJFKh6MpGQR+WrfSatmq6eY5faAs7+VwPT7QKnoH0uZW0BtE89ZERyzct9O7uNlwo437BruH1wq9uXO3eXMJG87MZ5n5RgdD8h/PUBbtomaLyllKHDGNTkDAI6H9f5a6yfar+FT71WRcatq2vmSYclXFEvUT/AD+Td/rnXKLio9yo9wyUkFGsE4JCZ6hQSOn11z3VyUNWYH+nkvX562l6U9H4tXphkizx3O5j73TPtGucXiKzVflJDIBzyA5Y9cEEj8ho5rZrHZ5Wkt0ciYUKcycwYfPPz1G8m277W1ctdHSSCGkIy6jAV+/ca01u6L29C6ORMwGMucMDnpnHfVqzJXCyudE0hyNqivpHtlRdEYlmIQtnpg4z09PnpDw325HTqb1E5eWrr/Ldcdk6dR8+p0ypUXMbPEZlCSuwBXIyCO5/5aJuEUtTG8NLNEWCSeYzsCFBPUdf56ZBs2yRDOOYGysHse0W60ULThUQxoCQehHYjQzuaop77cPJmwyicnJPtn+XXXm23ua4STJFIQOpYZ7dhrfZbQKi4M7qSYyDgn9c/qP11jSQjz8gjba1kit9ojkMqIxBOR0we+NOVxqY7xRLDLTRsIwVZmUHPzB0gt1wSKikpqj4uVAVyuc9Tk/019rVSjpEr6eryHQcw9Af+p0ZiqpxbAUP8WtuSpdIq6KLkDluZO+D0x/nods1mrqiNpYqNmwcgL1x7f01I+67r+14P2LLShpS5MZ5fxAZH9/TX3alPB+yiDRBmWRlwV9hnP8AXTbdlTTt7WE1bCoKmopOWpo+ZmVvxDBTGn22UBA54qZkIXtpw2pDQBGlZuV2cgqF6Z7dPlpXSrFRVMqlebnflwfTJznRxa1lXyDKfdqTSVVOY3BVoh0LDv76IYZE+JAOgHfTHbZY6R1ZSOQjr89OVDNDUzGNT6ZBz31sYKQlAJRJYaqSRHTywORAQxOtrTK7iUkDB66Q2wCkiZBITgZOD1OvkU8kjshxy56aMNkm8C9k+QV8SRgRSAnOCflp5p5lelXDj8R0L29AylM59gO+ii3UwNHGSDzkdSRqYCWfunW10sPkhmXJZgCc99E23xHDRrCGwyE4B/PGhqyFmIjBPoMe+iW2BI+b4CT01MIDxZEtHOkQWSRwOnqcY0vkr1MHmxY5QD1b299MsOaoKGfJxjGnGGQCIUwToOnXU90LmnGjrXqoEXHToRjWypAKcpBOR3z66bDI6QlaeQrgYGOmttHc25gssmAPxHvnWA4WBtysYJShpZlPLynBB7/LQpxL4s2Hgvw/v/FLec7xWyyW96maIMqtMQPghQt08yRysaA92dR66KqioSpppIo3wepX665Kfb0/aIWO17Rfw27Evq1IguLte3pZM/ea5VZBT5HRo4AxMnfMrquA0JOlamYxR9n2jgef+Fd6VRMqp/1TaNuXHuaPqdh4qrux93bm8Svi54geNXe9qkvtRs+virrHTxU/mQV+66x3p7HSIhOWjgMc9YkZDK0drSJwRJ16M+NnZNs8PGxOHPhenlNXbOAXD1t0b6pKNvvL3jds+JyGXtMfv00TBGyTFUErnkOqt/8AZyPC7V7043W7i5xOaX/ZjYET8S98JLK3kvLFEy2WF0/CZF+OrRu5iqGX0I1ZPxw7u3ZfeEO8eLlwp3luG4bgu4Z7uszU6UGKgPbYZcplDCJ2rI5v3ieVUeVIAWjI559P1E5Ljcm3oBy8y4k35jHJdM6v/OVAlA4QMAdxd2Wj/wDFg95vzXJ4WvdO6OLt/S+bp5a+pkkpK7cvwTrSuSam51/LGf30UStUVStG3xihVR+IA3F8OPBu08LOEVv4o19pmtV335S0Nxgs/wB5LC1WZ4xHY7a7EZeVaFKeoMv4pBXoJPjVzqKOCvh5tfEriLHtfcm36qp2pb4IqvcluekJnns1BVLGaFVXEnm192jhoOaErNCLbXOFZCRqbeLnEe4bh8Q9j4Qbhu9PXXqtvD3LcU1Cf3MtS75fl5cIsR5gVK4BRgAF7aNPMXQNAOXfL7+8qPUgv4hhsdx4lxOT6Cw9ARzUotDQxWdqPcdXJ9woadKmtkZyWEq8pQYBHRmBbA7c2cDvqHuHO5rpxV442m9VEjPRUIkqI1iUFUbl5QnLjBI+HJ+Yzoq8XW85NocOkstnkhjqrhM7zkvnMSvhUJxgKpZc+wUjHUAt/gk2ylPw9rt71ssbpNIYvOd+cxcnUuFB+JgzKCPUYz2zoMVNZhcfRNsrx17IgfNEVjmnreLm6a6s8iWotFlgpaSJJPhiVuaSUD2JMpGM+gAPQYIrHcIJLYGkfzblDLMkxJDcgBUxqefoAeX1/wAOcemgXgrdpbvBft43CnjZrhWTyIvKCfJ83IBPToCjLjrkLjB9UG6t8psHglvzflUWWltFDUiCdXYO5aHlVwT2OZF5c9fTSMkV5Lc9l01JO38qZTtk/VVC21vc8UfEbv2+vWPPQWz7wY1poy2RlviOB8RJABb/AMvoNRXu2ea60cNwlPmLIHdXC5CnnPTm9xhQQfUfQakTwXxtb/DJxg45bgq/JNyWSkiZFIZ3RFlPUDoOaXp9CNRlfY/unA+j3JWSgVFR5UfLz/HgoTjHoM8x6eq6vWxhh4RyXltRUOmdx33ufinPbVxp5twzTIJHiqDCvmSdeY4AZvXB5gfoF+ejLjLXNHw2sV6ni+7JQ3WB6qSMHlCCZS2OnUeUG+ufrqPdkVNSKWGUoRIiqUklUqoYco6juM/hHz6dBo54mUtTuvw53FY2V2hdEgdiRzjkznlz0PQ9fQdOxzrdv1AhFxMZR/FXxxcW7RckhWKnvdIJPN7xCUplgM5ywbnXvkYAwO5s7wF2vQ7+2BeeFl2qpUS9W2SERJFzgxyQyROGZiSFI+MgdfQYwSKn0twqdz8HbPvG1SBKujK1MdcYy608kohlQ4/xcsrLzf42UdM51cTw6U7JWWi8yBYIKx0jijjIMTl06s2T8PVYvXp06/i5baAjcqFw4LnR4TL0NrcaLXt691M9NHJczbLkIpTG6Q1IalnHNj4SElf0OCO2ulvg248X7/Z/bHENgI7y7vBfKAOsZ/bVArQ1VMuBhVmhV05jjCwSHBx15ueM3Z9TwI8bu8LGaJoV/wBo3uMMYBCiOpC1cYQ9yFEwTPumrMeHjibatv8Ai43xwvjkDxb4qKDfG0pqkFUe41EMFdKi56KCZaiHPTuy/wARAwCxIQWOs7hK7V01xo7jb4LlbKpZ6aqjWammjOVkjZQysPcEHI+uhTdSSSlzzfCx6dO3TTP4TN6xbz4K2ubzJHWlQrD5yYYQt8cYI9OUNyY9PLx6aI9xRJzFgCF6/roD22K2MGyjfcIdaQ8wJwemO+ok31hZ2LDupIB/PGpo3DR4DIe3Ud9RFxFpQjyL1z749MDSsm6bjN1CO4hMl1kMcWQxyfrrNfdxuRdZAGPTHbWaEiWC52Wapo2kMstR1B6qBnlPbThVxyTJiFw6E9CPpoHsNbP5zLUI0cuMxggjI9e+iOlrJTHiRuXIHwlumdUT2WK+ljqUFTS3DbffNKJLbHKEYSEsoPT01rehpKJvMlql6dxjoNfS1UYeZJGVQT66T1UlM1L5csgDBs5b6aJHxc1y1a5jQSBlLVudHPII4PhGMEkd9KqSeGWVUVz+I9QOmNNCx0MCLIMksuVKnudPNnp4Zlx5gDKAygnqf7zpmwaqNj3yusU/0Fwp44FVmwefo2Op15uUwKnlmGMdRnrptdUSNedeofqPY611FQspJUnmzkjUQExJMbWKR3SQhyoXIz66b0rGi6ouQTggjSmtrZJJDEUPwnvjprRHyO2QvvnTI2VHUEF2E6WucVBLnp1659dEdnuUtDWxSxnBVgQc/PQxQqsKZ5ehPQD00+2qUFRIwyCPhydDeA4WQo3GJ4IVlPD1xJrKGvpqqCcoyyKykHsQdd3/ALLjxYUnG3hdDsO71ytcLZTg05Zurx+q/l3Hyz7a/Ojw0vj0FTHynBD9AD6Z1fT7P3xOXbg/xNtN7oLh5MYnRZ15uh69QR6jv01QMmdpOpCUew7B8l6s+ig/EHoY/TpLfmIhxRnxA29dl3S4gbIsvEPaFbtG9wBoKyErzY6o2OjD5g64qeMrwr3PhnxcutluNPyAVYEKhMDAbIwfUHp1+eu1PDvfNn4j7Lt+87DOkkFdAr4Vs8jeq/kdV5+0q8M9PxR4cycRrFbw10tUYNQY0yzxDs35dvpj21f65RirpRURZLc+YXlH4Y9IzoGtv0mvxFMeAg/teMDyucH0XGi4U24qaliW2Sfuaaq5amML0lLsAAffOgbeO0ribvW1NjpGZIJfJyxwpdcgDP1BP5amXedivNkv0tBEzLH98jqeVl6ZRw3b17Y1lvtlpobPJDURrIuAW5gDzt6d/nnrqnpZiWgBei67pQp6t0ZwLqGIbHcjbqKgqQFl+8Krox5iM9c9O/fUt2rb09PZoIqSlVwQOdlPUeudCl1hWhvKSK6NAkjEIw6ofXlPyzo62Buy1V089vaZDKiAlSejDqM6sQ4ndULIWNNk8bR21JA5krGyMlhEh6nt3J0VXGkgpG++xxIjshyw7N6nP6aYaeqNZVtBbpP92MkD9cafrxcKaWnjghhBaJcnlGR2xowIslJ2gJZS1ck9AzqFKIcFfdcdP55027gqglsFaobywRmMH37a8S3Wnjsvm07EBT8ZC46jHw4/vvrC1PcrKkrRsYyvwhv00dqp5yd0y7do0u14jnjLc0kTcnOPwdcY/v56PZ7BbbfRoIlVeRQqsO56ev16/roKtlvraW8RPCzCLzMhh+uP6/po9pZjVBxV45QoCk+uPX+emmqqmAvdMNys1LSrz0Y5cvzOp9fppqN4p5al/KbnVBglR3Olu7Lg8TeVDPgSNyqAe+h+UChq0AJKs3KyZz0J0cG4VZIEZW6ugeBfLJPKmT1zpbbrrDHVAqpDdhodtda4j8qCn/d83cHtrfTXimSo5nyvpyk9dSCrnCxR1R3F6hPMjY5I7Eemt9PXxqyv3wfiAOhOnvzxfBCSAB1A04UV4WV1dl6kfrozUo8ZRpZJ42VpSAGJwNPsd1K06qW7DGB3OhOxV9LIoXmOc+h0SU4iYfDknA76nYpR4yiPbsjiVCckFh00W22RQe316aCbPM6lcZyPbRDaairlkZZQQnL0J9eupDZBIuimnd4l5wAMDW6gkKVAHmZ5jg4699IoHXylYg5ZffW+3yRrIEc4PvqQQyU71DrHEx6AgdMab6tZiOVAeUj4jjW+OcTxySA5BU8p+uom8YPik2z4VODFXxGvU1G9WcwWWgranykq6o9uYjqI0B5nYdcYUZZ0B1I9sbC52wR6WCSomEbBckqJPtKPHPN4d9tz8IeHN2WLed7tjzVNz8wAbetzKeaqJz0mZQfLz+EEynGIw/DufadV4rOMUm7LvDX0mxLFGTJVZAmqqeNXldYi/TzpQp5QT+KVOpMiBpZ3lxj3R45uLl8+9Xyqq7FLcZKve265WaE3aTAP3WED/cwgADlXPJEq4xhBqdPAv4XYfF74lNi+HDa9unp7Due5JVXIwIE8jbFK4nlm9lNTJT+Yo7BaOiCYRlGqVj3yzmR+/Idw/kjfuXazMpqagEEZu3dx/wBZHd/tadu855Z6H+ATgLceBX2allsNZZjTbt8Rl7/2hvtNbY1WSksUS/8AhaaBSQCop4w0adMrUcmM4Gq9faV+LCW7Hbnhu2nfqCjo4Kme6VNXLK01DRRU8TzRVTRFS7UkcE0dU3IeVqKoZWRvufW9fit3/tKhuW5twztPRbU2dtg0FHTWjy0lSlhxHHT0gOCk8siotPIn4ZoVU5DYPLPa2x6Dj/4tquz8SqinqtvRR1d83vHTyyR0Tbct05kqo6YAYSnuV1daCN4XElPFU3CF05FAC8jWTyO6z2SM+Q+yUhTve1geB2r3H/c7+BYeBsjTg5tmLhBwLtlU9sqaO87lo7VfBT10iS1Nngmhmj27STS04Xmmp7cK24tUAK/3+ql51JJ1W3gxxStd3+0k3XWX6nkFE0z2ahkEgxC5QwowB7AYBx36n5DVvt9XfcO/9y2a6buraiW43euk3LudgkSyvU1DwmlpSyAYjhpEppWTOUmqZ1wDzA8sOFvEOKXxhruKeu5YRveOslrefoVFUG5sfMDOMdunbSsTzUTvef8Aj7FguiroWUWnxRA5Jz44+W5HmrW+J3el13Fvy7bdvlZMJ7W8s8fLjmhjcxKUB9ufHYEkNJn8IzNdkjPCPweHypXlkeyGJCkA+OSVmQHHQY5HBzn+HPtmvfjqsN12jxfi3tR1E70ldd4RUSOOZERmIBXIIPJ8PMR8vfU6+I+sis3hdsFNztSx11ba4Wfzz5QkCysVc9wPhDYzgnIOQMC5kZZjWkWXKNk4Zy7z+S1cPVoKDhgadPL8taJRIzH4nOFGffuS2f4ip69esUePrcdNtzwJX2WgbMt1rqWkk5Z8rl5UZgoOchRCo/Pv11KltaGk4cIpJMygJPK0jHCspzyDrk8qhgMnoSSemdQJ9rTVf7NeFXa+3kppqZ7nd45XhZeX4RFzjv8AF2I6knOQT6aqmtLqwDxXbSv6no89/wDsPxwoq2hPS2f7MizWWlk/fXu41tXXop5SIhWy06nt8YZo+Xv05D76AOLlgjtXDGzWyRIfOpoBNzIp54sYwjDAz+Id/wDCdSlwqttO/gM2yGgSaeWCqFP5nURolbVSc2PU+ZKeh6EKToA4iJDuC01CrG8nJSqEaQ5KrnCnKDuWBJB7AdPTVqfbPmvOGg9UL9yENlVMtFZ3keCQxtEeRgpOT0UZ6dMkk59OXOpD2hHUbj4L7gt3L8UcEhRSoAOVZScZ6Z/ASD16aivaV6rqCgSlgqVJBRW65fA52JIz1yCcdu+pG8Pl0Nwfclqqsed+zPOEIUkFl5jhsH6k/XUSDe5UmnkjDwiPbN38F32xcOeRzaZFdhIGZAkskQCg/hPLDD8XUD4OozytazwsVNwrNkI1XUyGehWZGkiBK80SxcijuMnr8XTv7gaph4FL5LaN2vZ4ZXRlvtTB+6xzKjiCWMdvUxvj052XtjOr6cD4JrLU3NLXH5lMGhmhSGDlJZhzZVX6KC3KMEYBOfTpZU5BaoMA4AVWD7djh0m3+NGzuLNBAsce49vtTzRRJ8IenkWYSFvUstcif/RPp0EQcQd2XXbm1+BHiKs9RH5tFZ6i0F0j6ebbq9pmDA/iPl1sY+gH1N6PtluGMu8fAPZOI1KkUrWO7UNXJMqhm8k+dRyYbJ6NNLASexCDHXOufllePdngMqnqpXln2XxNpVpIu3lU9yoqjzn9iDJQUy/Uj6aK8WcfEffySzvbK7Z+BHiLZ7xaqS8WWV2te7bHT1lBHknyWIllKfIh/veR6DkHfOp6vsyzF1VSB2JI+euaX2KXGaq3JwZrdmTVXPXbSvCTUazZcLBJHzYVc4PWNx7hpeuARnpDdKmKXmkSXKnqjD/CRkf10vLffvRWniIKG9wRhI25ABjJ1D/EuQRhif4gc5HUDUw7i+Cj84d+p/lqEuK1SwaWPl5WAY/r10m/CbiChO/O63STkcYJ9V1mtV952uDMxOSP8zrNCRlQ267aqKClSsvNkkiRjmCSVPiZD/EenT/Qaju532e0Vz0tTKWVCTEzAkFfQ6sFf7TBfIpKepmlqKuEFXCSDlCDrjlPcHI7dgfXOoZ4lbQ+8281UTYakcqAq9wcf5YOuboJWyENcvsX8W+ic2jwtrKLYbnGbAXBtYXHr3Xuhw7xrKkYFRgZPr21pW9Tyyl/OZiexY+mmWOAJ0jfOTjSujhmjb416HsdXYjYF8yy6hVzP7ZKJ7XWGreMPIcqBgA99GFpx93Rccp9SO+giwQqrrI8uOuevr17aM7bUJHEokyBjHTQngBWdDKT2il08hRys2VbOebHfWipq6fHMBklcHA763TSebGec+nX56Za8GEkxBjgds601oTE8xaUqWVGjdpMde5+evPJDHF5vQDOcAaRU9bI5MckRA7jn1vFOZAXznB6ddTGCknO4hcJbbZI6g+SO7EAE9NEVrp0paTy883NgZ+mf7/LQpDTzCXMRI5WB0926eZ0KM2QuAOvyOouF0MEXyEV2O6RUrJMzsvKewXtg6mrhdv5aeshko6plYsCufcHvqvMFQrqUkmAPLg9dE+ydxS2yth8pywHQczd9I1tK2oiLSr/AKO65Jo+oNew4uF3n+xw8ZVJfraeEm7bphpsfdDK/RZR/wD9dvrj210PrKOluNJLQ1sCywzxtHLG4yrqRgg/IjX5xPCTxwuewN00O4bZVFBFIhIVsZGeh/LXfbwqcdbVx/4Q27eFLVK9WsKx16BuocD8X54P5g6N0dreNhpJDlm3iP8ACW/Fzo5GyaPpFRD9Oa3Hbk/kfX5jxXOb7RTw21vBHiHVXajoQ1trC0tDKEzhSegPzGMH56ofxX4g1NiqWpqSqCLkLLER8Lg59PQ9fy1368Yvh+t/iB4QV1ganBr6SNpqCTlyScfEn5gfqBrhB4q+DVx25uiqsk1MUZJOUuVwQQe+kKyn/puoW/Y7b+F1fR7V/wD4z6KcRP8A1MA4XeI5O9Rv43UW0nEm33rlTzHQouHVD+I+/X5dNOW0d4fs3eCQiYRmpfD5zhQB0/LAxoXs9Dtvale6bkVl6leZR8LDr+hHTRLbtp0FfdoLtbZxJC5UiQdwMkj+Wevy1ZsDSuZJna/hccjdTvsOuqoqh6pWRklclj7df+enKou4opmlqqlsD8XKNCNtv0duqBR1tQsETH90WwvMT0wP56UXC4wVdI9R94DBMkj1Ax3J1MBElILUa2uVbxQyUlNMCQQ+SBhwT/y05nK0gpmTl5QDj5/2dDHD27RywBVnUN5eB7EYH+miSeuSaKRoozzqDyjmzkj/AC6aNGqSoIsV6oNwWumiaKeQCUDljGM9Semt/wC0p6mESLUMgVcMPfr1zoDsLy3K5ebJEVVGK5P9f10XVcsVttrVTzLlh15T66abYnCq5TcJhulZIYXaaYkwE8x9v7xpsjuM5lieobmXBJYHJ6a1XGom8ySISlkkXDjOO+eukVDULAjU7yA4Jxn0zphtrKrlOFIe3rhFJSqSwxyhQMdSR66b9wV3kTGTAVXfPMPrplsN2eUGIEqw9P8APSir8yqnCztkYwR6awGyRebm6KLPXc8JndiedQFB9NbaG7LHL5fnsCrHI9O+mW31Xk0gVpBjOCT7a2xSRRosiuMliW66MClnNCkLbNetQwaFj1YZyMemjm21Sl/K8z8I6ajbZdXFE2GlyR1B+ei6hubrUDDgHsSNFGyUkaLI+stWvl8yjJB6HGn62XFV6yOc8vUAfPQntu4xSjymPKQehPbT/DMnMHVvhGOo1OyVIzlFNvqFliPx5x2z76c6WNfJMhb4h1/LQra7g0YZ1x1B6Y0+0NWWiEuQMgjrqQKhbKQcS+LGxODvDq88SeIN2+52izULVNdMqczYyFVFH8Ujuyoi/wATuq+uvz4faB+Obih9oFxdq3sdRUR2+auW12Ckpqgmnp0LN+6jI/EoRXaSX+M5I+HGb1/9pK8Rdz2j4frDwJ2zXiIbgrhV3so+H5FLLTRn3jflrGPs9PGRgrrmz4SNh0cUUe466eRDTW9g7NGP3CtmSaRevxHyyqKRg5eQY6gmuq3gNLt+HYd5/wAfyuh02AukbEMF4JceYb3DxNr38vFTpwd4W7Xs1gt3BOa4SW3btJaZb3vi8U5Algs1KeaeQAdTLUzMlPHglvMqI1AxjXVr7CTgTeeG3hy4g+PLeFjjo7/xDm/2c2PCFX/w1DE4Scxlcc0Ykjip1bH4beD/ABHVIeBPh/3bunhxatm2iiRN4cc71aKK1UbyE/dKarbkt8Eg5SGgit7TV8+MFWuFrc/gzrrZ4xt38LvCJwC23wD2fzJt7Zm3ltNNDDQmeeWmgpuasqPKTl86TyI5nbDAl5lbvnSVg2Im+dvU7o9dUB7+Bos3kOVm7eh/nuKp546ONtityxcOzc4fJp6aTdt0lSCdvutPSLLDbWqUH75VNWs1wnhU80cNq85ARPhYW8Juw4LJwNG4r/ZngrOKldS7mvdFVTkvSbSo1ENppKjk6eZUpIkklREcTftZZXXmiY6CuKuwhx68TNB4f7lUskm+rmdwcQa2KoVfItNLGkk0kEvKfu6yshFDKnwKs89HITjrYLcqyXcJuGpkioqfcU6VUVtp4VEFvtMCkUNOq5zGvluKgIuUaOeDGGjI0jUymGDh5u+Q29/8q30qnbNVi5wz/wBjkn0z6gKPd28Q9y1/GI0tbWJUXCKgqZblVTFI1mnmp5Z3YiIYBDEH8OR8XUcoxyK4PXiBePV0vd8qRLHTzTzzyyYGVD4JPz666fbeuVPffEFuO5UFzlqIhTVtLApiPSNaeQhSTjJ5SjZ69MjHwgnlVsSvsVp4tbgkv1A1REYqxUVZCFWQv0ZuXqyjvj19emdN00HVxu8gt6/UBz4SNg4/ILprsLeO0OJO19wcF+JJpnLqaiwVEBJ8xpF6xlx0JRhzAnADLjrknS7xtQz7X8OlhpKafE1traWSop4oSFRIo1jfBI+IhXxg4Ix1/iOoe8N0bVg2/wAQPOlnprhSU7S0yIfgCrDz5buHBdcYPfPT4gNSr9pJdKmj2pt6ljrpqcPXBpTAvKpYspEZUZLgk5Kj4mUsOmRq1f2+EWXLtuXeae4oqfbnDXbNrppGM8sVNO84kMLSo3KOUE/gLI0eSe2SpPUjVZftnrmsGy9jbXLMWhrJ6iR2fJkdo0U5yc56d+3b11ah7XS1tDZrfG48vFMlO7DHJiONguAMFsjlJ7DmT54ph9stfVrdybLthlBeKgqC4VQM/vO5HcdyMfL5DVRB2q4Fd1qzur6Lv8mhPXCW0xHwbbLpKuNmeC1TVKKmcojVVRJn36ZX5fH6dNRVepUSyTwygiWV2jk82QjmIc8vQdz0Yk+gz7amrhzb5JPDRtuxzo0cUW24Q8/nBFwEdyM4JXB5v/MfbPSFd2lfvxt6BpO6qS3sASQPbpnPr11ZOB4ivPW+w0eCh2nva0cjx0jSSMwCAFOU47En9On0HudST4V7iZN/3emrJJJJKm2shAxhmJIKntn8Q9vi6fPUXbk8mm3BUJNzFvMYk82Bj0A+eT/eNH3hJrp34kOVYDno2Co6hi/xdF9z1JyRrTgOErGGzwAnDgxeo9ncdL1T1yuqxX2iqnjVioaNKgwydfbExHX566jbDjp6jYW3d77eSaNa6JaGWB5z5nmwplizH8AYDI7kc49Tgcoty0r2bj/W0MyCSG50VRAqmTBBA84An+E8yL+o1098Kd6h3H4O7ZfKOqVltG46JIqdmDPG08MgAPoSDGX9RgDBxk6cpSOSxpBBHipT8YWzJOJ/2W++bRRUkSmm2zWVc/Iv4ZKFo7iyhfb9zyhumcjp1OOQ3hcWm3Nwr4zcOaheaafYUd5og2SY5LbcqSqkdR2B+7CqUnvysw9Trt9wi2wONvhw3Lwkefyqi8/fbVIrEL5YrKR6Zi3Q9QCPT+EnoG1xO+ztt8O5PFVScL7iwjj39Y7vtaVex5rjb56VQD/CeaYEd+qgdzph4BIul5G3dZWV+w83pbtt8dbzBO608M9qiUxl2InlUvIGb1xhHwB0ywz/AAnXYW51NLVE1FHgRSKHj5WB+BgCvbp2I7a/P39mrvQbZ8QFrq5ZJF86KVIyJMNGxQsGUYOW+D+XTry47n8Ndzf7TcJdvbl81S9ZZ4S/JgKXT905XHTl5425fljSz8xXKJFawyl99mIidPNyApxqF+KPNIzyYJyhBGdStfaoCBnVuynI99RRxHqo1jcMRk+x+WkZE7GoWv7lLm4PTIBx21mvm5OVrozDrkdP56zQkVUtsO8KtL7FeqFQpkhTnhVsqZFZAQf+Eg4x7AdtJ63by7mZzDzo0yMzRonMF6E+nt0/TQ/tyvt6/cqZQ0Q82ZzGGyeT4Dn/ANJU/wDu0abJqBarf+0BKEJq2VUkbPwlACAfpj9dcrwCDtNwfuy/QDro+k1F+Uq3cTMudY7Hha42xe5JtbmeSiXfPDK4Wm8tRwQnLqZOYL06H4jn2xp92nwgtFVQLPV1blj3dpOUdx0A/v8AlqaJLVb5pKTcdWI3lp5MNGw/EpXBJA7YOPr30r2vs2huNxnvEdkSKijdUiiT4UUDqxAPc5x/L20w/UXiO21l42Pwzgg1V1xcOOGm+G2vfHqD6clW7ddlfaVctIFLRMcRyn0Oex/lpwsFwDU4iqBkDuT+eiTxPQ0f3RakxiOc1oHKHByoDdenv/lqNdu3OWMiAknnGB741aU7uvgDua8i16Bmj65JTxnA28lI1mpFuUYWOQHB9D2Ot9x2RcJsiFBlh1QSDm1v4abVnp4475VSERTFlgyD+9KAc3/pX1PqTgdjgi3NWy26mSVFjcHsXhA+Z69wceuhmaz7NKtqagE1EJZgQo7qLVLQ1LQVcDh1H4XGCPy15pWaIFScZyOp0YWa9WS7wzWm/QrWxEGSm5ukkZ6lgrDBU9zjsR6Z0P3Dbsi3EvRMDTSkmlKsT0z2PsdEa8OwUjUUQZGJIXcQPvHmkcE3JMVPVR1wT30rpavyHwOqk9ide7vTUVjWGG5RPmVA8bomcA9idM10mlo4RU00gaItgEg9Pr7akLFVdQ2SEZ3CexNzOQvvpbaLpJFOsckjAfw49Dn/AKaD4dzRZHNJ19cep062zctFIBzdCh6EDUi1VpqRfCsXwS3c8UsMBqCW5hlSeuDrqZ9lB4vpuG+7qbad7ujG21rrDUIzdApxhvqO/wD11xP23xGjprgpgkKJzYJGrO+HvjnWbbraKsgq3WSKRXVw+cken8hqjrYZKOpbVx7gr1bonqlDr+ly6HXG7Hi2eR5EeRX6gIJoqmBJ4JFkjkUMrqchgRkEfLXOv7Wnwh2+nqTxW23ZgaetyahY1wEl/iH59/8ApqwX2bXiqs/H7hHTWKouQe6WunUcrHq8WO3/AKf6Y9tTnxV4eWfijsS4bKvUCtHWQFUdlz5b4+Fh9D/LOuiqI4dZ04OZucg9xXk2j1td+HPTIxVAPC08Lxycw8/dke5fmb33w4vdy3mtnnHl0/m4M8naOMfiZvoM/U/XRdtVLNtVY7VaeeX4SrNOowBk5/qdWL8Vvhmu/DbiZerHe6Aw+XIyqFGCRlux9dVQ4m3VNvVpt0VPKFI5WYHoff8An/fTVJQyPc3q3ntDC9X6S0VPSSfnaY8TJMgjuK88VN5RVlRBR0qvLMq9Hz0Bz7fn/PW7bW96wUi2m785JHK8it39Pz66DY6m9XeqWntahFxmSYD40QZJGffr/Qad7bYLhYZvvdVJJyNj9275K5Pb69NXIaOFcA6aR0xe3YqZuDtwrKWORKypVxLOY6dCwJHT29uh/QaLJrtc5SzUkBQQE+b17r7H8joQ2VbUNwoTJADEz4dR0DZP9jUjW5qP7u6CMLEXxIBjlwAf+n56xtggS32XiiNM1Ok6w8hKDOBjp/Y0k3pdIUp/Lhl5YwRzt7D/AK6X3FKS2r5FM/wBRyjOdB+4a9ZqR6BTzyM/U+2jR2vdKy2DU1XrcyNWIy1GMkD4Tn17abWvMrXLy2lPIWzk+umuvoqqC7PSTnlxhurdwRnWqd/LZY4JCzKvUt376aaBZUsruSkDbuaqJp1lK4b1Oc6f46qGccrBQ+fiPN11Hdkvz0tPy+YRluq/LT7bb3K0wadgDnK9OpyNYEs5E8BYK8AfIOnGzQS1at5gHKuAvTTTS/d4IkPPjzFz07D+/wDLTrYK91gaI4UqehI0RpJOUF4wiK2VENNzJHNhkONPVsus/Mjq7E83r+n+Wgqkqar7yC6d8/FomsNUrcnmgA82GGNMbpRwuVJ+2qiR2Cv35Rk++f7/AJaLqB1MfKD1HfQNZaiOHkcuBlB1+eNOcG4VWfIkOP4gDjRAAlCEa0dUkGQeo9tOsdeywch7MvMBoPoLupjIZh1boc6eIK6NKRmkZvwkdO41hHNbjFyuLn/aQt5LefE7Ydt0lVl6CxwU1XAj5wUU1MWR74uMn5HSDwa8C6Hc8Vl2ZxAtk8Vlitzbg3+kMZaZLPTMpNNGAQTJVVEkcEaKec845c6Xfaj8OV43/a3V237pJIlmssNFcr/NEg/cUFPaLdLIRn+KRuWJc9C8qD11LtJuGDw/cFq3eJoaOPc92qaO8tT9HMdXJG6WC3Rx4+P7vG9Rd3ibJUpQqx+MA09SRf1J+P0+dl01LxRB7hu4NaPLhBPvJ+avh9klsCbib4pN/wDjD4iU9DLbODFLPabRU0hDUk26K2MftCSBx0ZKSHFBGckGmgo2GCM6jrxz+Im4cYvEJJseivMQtu0IJr3fWkuhWFa2JeWhppYpOVYZpK6Wk+IMIqiimdi3LEzCwu07HZfs6fs7tk+FmsuaWi90dglvu+quikjeaO5VMMtXUFFYFauSkp0kIhGGlioSq5Yga52+JODeO7KW2eGHa9Ilq3VxY3W9ouNX5JqIqSjTne78tVkmppaCGaptrwyLzxxU0EsRGWyIMYXBt8D7P34eKrppOKRz27cvIbfz63RJ9n3sCp4oUNx40GvFLX8adwNY9v3BIFpDbtn0MztV1ZhVikBnljmqJoiSqS07upAfOiPj/uKv4j8UtscLdg+dDb7jdfvmUViaLbdvlNTJJIqgBIpFSTHMQqzSFeig6eNxX/a1loaq5bdnmtG2rPaVsO3/AD5CRT2WjgEcrucBnLhEj5wMuEqEYHnxpL4dJKKn4Hb78Ze4bPJDfuIVNU2TYkVYA7W2y0sQjlmzkOjTO6K/QJMtVzrgoTqvA/MVBedht9B9SumiLqKmYxuXu38Obj6AAeh71Cnh4ipq3jbum62qN44hbKt55Yy/SViyhVDHAIY82G6dAMnAxyovUjWvi5dYopEbnulRGxjPMrAyHIye/trr/wCFOip77t/cO6nLc9XapKe4OwDeY/IzZwrZHQ4/4mjIAyuTx64r89Dxdv6JUKzrfKg+amMdZD7dB39Og1esaA8jwCodYqDJGx3+4/RdCPs4WqNzcO9vRwzxMLPdKmJqWbLiYRyiXHw9Q3IRgEjJXPXtqRvtJbtHJBZaa3UMrPS1MXIwbCuRI8gCc3c/hBPbDHtjGou+yBE1fsK8L5tQsdDdpakJHkDzTAiI5BHb4iDk4yw9cakDx1VNRedxU216imUqltjkSneAKyzMCXHN3wecEZxygHoOwm52RbkEnDdxCkLYlDHuGKywW9KioaKnR6V43C/FkYBOcEH4+g6HCfPVEPtfq2er46WihaoRwlryirHylQ3IBn1yQAcHqNXn4KF7vsexXMR+XJ/s+pladwHYqxSTp6KeTPKfXHUnXPz7TyZrh4t/2eY5QwigSWOZ8/vC/KcN2KkBcH2GemdVtIAaw+AXadInFvRoDvc0fC6nnYyTLtS1W+jUqppo4ICFBRQrgdm6MeUJ09CxOoR4hU1RFxDrY0UheZjGgX4owR0AB69BJjr7D56m3YVLPXU4plrcQOWEgI5CpVugByMZLd/XlBH4jiI9+UKScSWl+7hfLdxK6yZBUDAGCc5+Hr/5hjVk8WdZcKDdosq/8T4DFuiQKMAtkL/h65x+uivwwVMtLxNHPIYisOD0HTqSCP1z09tMnGyIU+/ZUVWUdCiumCBjpkaV8A6ryOKaPyAtIvwrjOfkB76G/wBkqI/u3Txx4lSx8d7fcliIBq4cSdApU9GJHqTnv7L+l8Ps596Lc/CPxE2bXJLUTWa82yoiSZQR5YrHQKO2FPnhPqoJPxdKH+MOmej3RTVcZ5gCoVigUFl5uw9ugH5atJ9mFfaepvvEbYdNFK0m4dsLNTlFYh1hqIZmHwnPQorHp0C5HfINT3Dm2WN/ukHzXUTwW1klJPdaWZCk1JU0dXOQRjzfMZCRnoVxyYIJAz664bbJqaPgR9odQJM7QJtTiusSzxjJjamuPICMH3TGeuAc4OAD3B8Dluqpqi4UztKFrbcjp5siyKHV1DfI5AHX5qw6d+JHj6s77B+0P4smmgEa0vF2/TUyMObkjN0qGT6kKRj6acm9m/iEKU8L0n4g0UXA/wAbW87BZUeiptvcQ7pQQqCfgpoa2WID3wYl7jr1yD667TeDXdVJf/DXYohIOe3S1NA2GBOVZZyOgGADUYHTHTp01yD+0tehn8a2493WEYp9x2SxXujkQcvmGotNJJI/bqTMZTn110R+yr3vQ7h8NVbHQVvnN95t9fEztlxz081NU85PUkTUcZJ7FpWIz1Ogy3u73rcJN7K0N/c/cmdcjOcfTUOcTKoKZQuc46nGpKuleZYMNIcYyQT+eor4iuzzzNnmUqc4+mq9+QrBgUX3moUVpEh649BrNIr+0i3FlGcYz0+ZJ/z1moWb3oi5wVd1qdvbhorhFUOXiop1YN2Gcnlx6g6lrYd0tf7Jikqw0sKyLyLnPMcYzj/zDOPYgaE+MWwrfT7cgrLIFWpgtkk06xOWBZGPMAfof+mmzgtvG5XeiFkno46kRDkHM7KWBAUZ5T1wAPmdc64CanDxyX19oFXX9Cumx0yrAPWtDm44mlxay/rgcQtuPJTNbd8XKEvHa7UjOKggfBkKSTgH0HUDOfXpo6l25vS4bKMsd3p4KkwkqvmYXJwSDyg+h7+mMai6Opp6Gvjp66tjSNZxDHDEg8tWIypIHb3z6nOpM2pu2lquHU80lQplpZjG6L1whK4I/LIx8s6rZgAQQOYXcwTx6hqNQ2ue65a6wBDbWAJIttjI52F1WXi4N5X2vgSsghlit8Zgd6ZuYsynqzfPr7d86ZNqUtLT3MT7ghkjp4RzyBSQzgdlB9Cxwue4yT6akDi/YKva+5TcqUc1vuHK6SpnAJIDdR2IJXIPvpDZrGbxUGnlZJ0UjCkhSD3z9OuRroYZx1I7l8savok79fkD7mTizxZBH7TfFwQPVGexNxVd2rYKqtjVYY4/Kp6YR4VIQT8IA7A8x/ID66Jr/TWyusxpaihb97GqoUbBDdAD9c40xWC2myzRiKleUyo3OjN8XL8+2CMZx9NOtbWLX0kFbFL5cTE4IOcYIPT6aSc4GS7V2tHBJFQOjmyedx32H8Y5KOLttZ9qGmvFBVSYkchUKk/EpBAz+f8ALRRs61/7S1lMUg/ckl5ok/hcYz9cn+R08WmlWo+9QXZwaYt5igp3zzA/r/LTzsLbVXTGsqLc7IkhDuwYYUDOOnoOuivmu3xSNJoYbVN4R2DuOeP5Q3vqy01s2/8AddwwBuaZRFWRsSadR0Xm6dVHTPyz66Dd026G3wyLJSsBKpFQO45wfhYfI9j9M9jqWL1LQ1lX+wrnKwaRgEOMqwOfhyfc41HHEKGq2bZqzblzBmWKeJ6dpMcxiKvhvyzGNEp3nAKqOkVJGwOkbhoFvEEXwfPvUW1LLTVXluQAv4ST3B6jSqmqwoBQgDGmyudpVhZgoYhgQrZ6A9Cf1P6a+0SzSTLBGOvQD88asQLheVPdaQgIitz8rrIxPc8pzqT+FO9mtU8dM0nRXBUMdAVDZU+4o6RhmHQYHr/f9NLrXDUxV8bIrBgQO2MaHNE2Vha5OadWT6fVNmZyXU77MfxlVfB7ihbKmlrMU7SqskZfoynoVP1Bx+eu72z912ffG2KLdVinEtLXU6yxMDnoR1H1ByPy1+U/grvaa01tMFmMUsZQrIG7sNdyfsbvGGOIG1W4P7quivPEoegZ37Pjqn/qA6fMfPVXo87qCsNLIey7bzXovTzS4ulnRqPXKUfrQi0g5lvf6b+V1JX2mHhng4jbIk4mWSjzW0cBjrAiZLDsr49f8J+i65H744AU92o6m53W4U1O6VBjZZZgzl8k9EHxY/LHz1+he6WugvVtntN0plnp6mJo542GQyEYI1yj8fXhUtvB/fVyr5YyKOWXzKNEUgSgksrEjt/qDprU6d1NUCoYMHf+Uh+H+tt1vRnaHUn9RmYzvdvNvp8rdyoLW7X2vs8VLUc4qapqZUiKxlQoDqfi9Pf5n8tNN/kSovMFPFMJOdVOcdj1OMf3305b3Cw7s5qtGRKjKgEdAD0H6f5abf2RBR3SS7TSckUcaBZJG6OxyAo+ejwu42ApGvhdTSOjItYo9otx2+Cy0/mFUlMY7nrkD/XA067a3a9Y/wBwrJCIlkLB17OMjH+X6ajW5xPOZHRiY4Yl5iT0Xr16fXA/LW7Y+6R5VRSREPHCxIbPcZ/l6aZDBZVE0wuLqWL9uWKErKZQVHdSfXvoXW6z1NS1xeMKVblIB6MBoan3abnWNSJI5CqGUE+vppxoDUGVI60GNXJIXPfp66m0WKBI8ObhZuFfvFaaySQMvKvMAdDV0uklIyMjDKEjmz3GemiKooSVqJaicGNSfLAb0Go93HV1DVB50MbMwAA/wjr/AH9NMN2VRPhGVh3AK6aIVBHOx6n079NFsVUWqBUEDqAQR2zqJrPc3BzHn0yT6ddHVHfZEoxKuTjsAe2t2SqPbFOJaYxzucq3Nn20QW2aOSHlAw+OpBznQPtG6GsXmdiFZgGIOcHsR+udE0NVHDVoiyDIIGAdSac5UHDCK6Oq85BzLllGBpztDmomVEQBufOD6aG7ZWO0mM4+L376KbZEsMoZehOeo0yxwSbxyRgatoIEkRwSyjCjSi3tLJiaVviPTI0xwTSeSFOQwPQ59NPdsbko08wEnOT8h/edHBuEBzbFP9PVyQJGxXmGevXT0l7ZY2booI+EMf6aGKmrSGnjllfChs4JxnX2O5zVgM3KFjKfu8dckf8AXWjtZZEMrnp4m7xta2/aCcbq/cNjWupbft7bl0ujRnMz0ENDGzUSr/F96q4aCEDp+9aAeupT8CHCd/E79olSVvFxoptt8B6Op4icUrgk6vTVW4Z/JkjpE6AGGKaOCGNHy3k2p1z1wKxeITeW3dsfau3XiNv5qiqsdHc6WHc1upHxJPT2xvNMYUkKziWnppY+b4Q8A5umdXw4WWW/eGDwSWva99oaSs4s+Im7NvziWtZI1PHNHUTBbXQTSqQ0VNJUT+dIwIaGnNZNjETao5zZ5I35fT+T5LoCXdW1vcLePj8NvNFfHTjfuLjLxEu+8ritWbVbGS9XkQFZEQJLSzUsfIY2J5GFI8ciqWV7Ze6Rg3PjVY+BF0o91cQN4eJtbRTo85PDjhjS0xVvKpKdUW516sSxlYkLSQ1fMTNTmdZDzRg6ZOOXivpBwcXbvBfds133Nvq/yptl6iZ6etuKxTeTTVM4Rx93rJ6yqlucqPmIVr16YKykasZ4W/DlWz7Vh4bcNbck21tkWZLDBuanpmkZoU/+Kajhx/v66aSepkVQWjFQVUqpYMlKXCMRsy52B3+Pw39U1QUf5iYyyABjO0TyA5X9e7e1lUX7UDjpsvYtvXgxtvcqx2mqkNTXTUb8r1NDC/IixeYuf/EVAnlDFRgw5YDmI1PfDrxdcE+PvgP27YuCezbnYRadn0lnjob3StJMIba8adKhVWOoVqiTm81fxkspVTCI0q59rx4r/CDuu9R+GHh3w1s9ZcNkS1DVu6LjC5qlriBFLRrKrKWPTLo+YkeJQqhh0dvCvuOr3B4LUrpY/In23tqjt9UlNApMtHPWXS7CVQCOXpcTCeXr+7TplFC2sFIyGFrXZd8vvb1S0tY6orHFmGjHifPz/kKcPCnbqyj4J3KmMDP59unklmSPkWVmDgEDqQSACCcEHuuRnXGvjhOZ+MW5p2o/IZr3Uc8RGCGDnP5k5P567lcNrVbW4QzutS7xPaHk+9UszycnN2cnJDBgwxg4wCO2uHfH9zJxo3I7FSRdpVIUtjo2OnN1AwB0Pbto0Yu4qu1MOFNGT3kq/H2N9bNDw13VXUat59JcacxIhP73zAo5WC9eQMis3TqB3Gi3xXEVfF1LDBQyjmYOrFeYNzhegzkENz9FHp1HYYCfsXpaSbhhvFXqYTMLhRIlO8nKJFdJlYHp1IAJ6dcMT3XBNPEwaa5+ICnp/Ncy0sEjyTczI8Zj7cvUlw3Nk9u+AR0GtMbcm6ymyW+JUpcFZbaNurGI6inZabLsrh/JDuG6AjDMWYjBxjB665t+PK6ftbxgztK4Yw1dPG7IGPNiTvg5IJGDj3J1024PrR1NgoZrxWQI8EZVIZEGWk/EFY5GAMD4iSw5x89csPGFcZm8WFdXPVc7pcYD5vKAeZWGSVA6HIJI75yfXVdQdqreV2HSolnR+Ed7vkFbHhkz1NtuLtCkMtNTMJWZhySZKqvXP4sP0Y9DjHfUVxJT3y61tcGjKUlSE5EILNlAQP0H6ro32NdJaXb19qQVXzJRlZHUnl5gOUN2yMnp64Bz6ai/YN5kj3PcI4qmMGfJIVMEHp06eoDdPy1bFoJK4W9rBQ/4iJZxxEmWZVHKBgDqewJyfXqSM/LXzg3KaXila5AEXznC879l+fXtj3+unvxeWlbNxQeg8tkaOmTzI3XB5yMn+Zx+WhPaFQ9Nuu1SwuvMaqJep6Lk+ugvF22WrnjJUj+MBBcaH73JH+9ppIACHxhT5mRgjr1YevQfXpIv2YG+msniGs80jMYrhta7UUsCdWmP7OnZVXr0bzI4/wBM/wAOCNeJuzU1z2huFbdDGY7VZqaqMuCDK332nidl+WZwOvooHppk+zx3I1l8SnD2qMZZU3fRwyjzeT4JJREQD6Z83l9e/wCYlF7LSO9Y6zZyPBdvPBw1TsbddJZql1ZIRNFSlhkLCyo6ZJOWARsc2M4JzjIGuQP2y235Nt/aS8VaBownPf4qwKMjAqaOCqBx6dJs/wA9di+Fc9JYeIewZFqkanve2z95nlmADSjlXmAIB5ij/MARIAB6coft8IDH9qNxIjyTim28MsuC3/4u2zqR6Z7/AJ6eksWIcm90C+MlxunaPh84jQRAftPhJBaKuZubL1NDcq2FiSQM4ikpwP8AhA986tT9ivxBFLZd1cJrpGsNfQWupiVW6syrVpU4/wCHlEVTkeuRqqvGWA377Njg/u7lLNtvf+5bTJKhJMaVMNDPDG2T0JNLO646Y5h3B1Ln2d25Knavi74cb9ppY1ouKu3q231OF7V8qSUVRGx7MxnRJwv8AqkP0E4Zv4f4WR4dhdKJq6OaBgsoPTH66AOIQSOJ+TOADnJznRXAwVOZWOCOxHy0JcQJHaB+ZemD199VxGFYsIUSXioBr3MjKp9BrNJ76A9eTk9Bjp9TrNR4XKVyqgPaaC42+9VMle4noLYslJGnROUFQ4A988uO/UH56ifZt0tuzqhag1fKk6RmNk9Dy/5EkfXW7efFK7wH73YKshKmMLUDyQGdf8JPp39B66RW+2W96+hqEgPkLCzIsg5lVunQjueXJ/XVFHA6OIlxweS+htb6VM1LXIpaBtnxFxue+R2/kG4t4CylGquVzq0FbZ0haGol+9Qzu/VWYdRjux5icD3J0+8Pb3V0P32nqapsTQM7t/h6nlwPr0z7ajGq3Ty2hqiC3NHAk0SqGUKSFHoPy7/P56fKreMVottTcLBVv5yQ5aGUhmdM59PoDpV8R4eEc12FLr9HHUmpc49ltyL78QdfgFhje3O3PZF97rVn21UU17rwqSRh1jlTIZlPYD0zgD88+mlHA/b1FfgtzKrTVtJygJIAIpAMH4wfkMfMgA99C9TVV1ftmHcdzj82XlHlLzfCAcEtj8taNm7tr6S5JPRnzJWlKjn6qcjBBA+v89SDX9UWNVLNU0kWtQTzMu3hFgdyDsfME4+KkXdV4ghrZ52CkSEq4SPOGwcY+fQ/r8tMe1KupvddFb6ioGMGNFD55RjOR7nJJ0popYb15qxqSkoyPU569Dn650RcLtnw2Wc3aWLlMblo5JAMFgOgH55P56g17Y4zdTlpajUtRZI09gk38rpPQ111pIWs9WQiqQDLNEDzIQObuO4OT/6tP+2KlWq5Ibe3LG8LnAYrzkD4en5Hp89O9dTW6706XWoovNnTIKqehfHp6Hp7+2hz7vczPLPb6WSkqYPi5JSCFz3wR0P01prw/wAFYy0r6J7DxcQ5d9vl4Lzur7perElRPSiKWFlUSRvg45uuf1/LGo1463yslrEopmEpo6XlaYdSQeVgD8gB/PUu2WmiuMsqXGMH+IEY+Lp1Gov4nWa21FbXXMSMTJERNGQAucY5s/3307SvHWALg+lNO+Sjc9n7rX9L/WyiOGO3SghaM857YJ76erHDa6GZJ6iiZW5hykEnB6d/fX3a+3BUSvPJnywcHA6nt2On21bcSsqPMhRzAsgVlk9CfXVnxryhtNI5odZE9vtQFJ51HEGVwD2/PXinik8xvNA+H27D6ad9jU1TbapqWqJ8pZQqgjI5fX/PWy6W2KO7VFNQRZjMpAIOcDuBrA4E2UpqciMOAXra92e33ARsex69Ow1fLwGcV6/htV2rdNrrWjkMqyyFW6rnBH8tUGqbTGsivHIVYL8Sg6n3w8cYaazW+G0VsLB4YliVh+FsdASfTpj9Dqt1GDjjEjdwu36Ca0KSqdSVB7D8EHZfpS8P/GC08auGtBvC3TKZnjCVsa/wSgdense40KeNDgNScbOE1XHTUSS3G3wvLTZXq6Yyyfp1HzHz1Sj7KzxiLYNyjZO5alY6GuKxthuiZ/Cw+h/lnXTdWSRBIhDKVypHUEatqKePU6Hhfvs7zXD9JdLq+gnSsTUvsX44zyLebfofAhcIuN3Bbb9imnqL1Dy1CSkLTBer4J6/LHXP8tQPxCssFvn56rCgKGpqdcHlU9QT7E/5Aa6ZfaoeFNttbgXiPtukIoq0FlVF6RvnLJ+pyPkdc4+Jlini81wC7/xMR1HpqnpiaWpdA/cfJemaxHTa3o0eq0mWvFyO48wfJRZdbtc4YWneXHmAjlU9SukW1bnLbHdjExEwIkBHTv315vEdRPcPKEhDKOVenfGdIrZS3CeubMLcnKGOe3bV22xXmEoc+SyKtuzSmqkrJHIkjYDB/wAPXT9QbnP7WWGWI9e5K49+umKxGV6dI5FGZZirg+p6df66eq+wVENP99hjBC/iYjuD3/rqQte607ia3C+3GvWat5Y5cIwJKE9ie+hfeMpp5+aUEjy8jA7dNLWhqqaoVlcAkgNzDOm7dJlkciRc5UcrD066MNrKslcXElerVCkUkU5LZKdcfXRVQ16NMkEhURk5BBxoEt1zlp1SJ8Ex/wAPrjRXRS01VCsiYwBk9e2pJe4KOtuRyUkKyooIViSQfX3On2musTBXaTD9tR7atz11vaSki5XUkevbvpwtW5JKioILDofwk9RrYusJ5KT7HcfN5o1lJZWAA+XTRrbboFCRSZyGHxaiPbFznasODyhiMakKxVLSSR87nrjOiNNkBwujsXWCONI2GCR8R0viukjKhEmF5QASfTTPS00M8XmSDIPfrpJu2/8A7PliorfIq4wFAHpjro9xa4QHNJwnu6X6KqnWjao5jGCApOldsu8M6Q0SVIBjUqEBx8RIx/nqP6KqqLglVX1FOysFQo+OpJ9BpNuPcT7Q2bcL9VVojnorVUVMR9WeOFnBOO2So76zixc8ljWEuDRucLnRwZvfCXxJfaj1lLxl3bRWnbcfE4VF9nqpCq1FL+0IonSM+rmVwOvQqBnudWc8d3i6or9xOunFK/xwtaN6XGensscFvneBqItLSGhjRBys8dsiqKIrFg8u7G9YmKcnNi35twca13NdqqRIa25VFVdBFgmWF+d5YuoI+NSyZIOCwODjU77z8TG1tl8NLfY9jWu80N2sqVEdp3HWzNVtGJ2DSCGI4ipWY/iZQG74ZuY5qJoHl4IPLbxPO/8AhXNPVQTU73PBFnb8uHe1rb7ZvbFrXyrOX2/1HAXxAbY8Rnj92i9loNxq9z2nt63V6PVW+Baar+61NVFAfKhleslWq8zlZlmWfmVg8vKN+PD7ZW51m2hwl8K1b+wPLiiggudjqSgtEMbrIhppUOTUMygmbJZSMg8+OTnhfN27q3TUmuvt7q62XGPMqZ2dgPYEnppRs3ZFVui6RU9bWJbaEOv3y6VMTNHTRE9XKoCzkDJCqCzYwAdNRwRQ2dYXAt9/VJzanPPC6GAGziCcdwsMbYG3dnvTRPU1dbVyVtXUyTTzSF5ZpXLO7E5LEnqST1ye+ddNvDtRQ7Z8ClAagMn7cu8VKkkk2B5QtdIUJIYYVGmZTnty5x8Rzzhraaw268Tttpp6+iExho5blTrFJICMCUxozBG9QnM2D6tjOumt4t42DwE2Fw7WcMjXKtV1i/3hcV0kSBCD0DQ0sfTI6IoznrpeeV352IDazj8h9V0nRmgaej9dM+3FxQsGNuIvdg954DkcsHdWd2uk+3eDNQ8sXPIliYhZHxysyH4T1JA/eP26gcuQM41xK8SkckXG/cSSoyN+0W5lZOUg+uRk4Of7Gu3sc1LBw9FvHmNOtGsRVeZEEfQDv8/LPbHMWHbqOLvjLWWXxD7hqJGBMlUHIJyQWUEhj75Jz3HoCQBolK/iBv3pPpHR9VQxEbW+quR9ilVrS8NN2SK3IUvcM0kjoOQLFGDlmIwoAkLEnpgAYOdEXFQSxeKWSplYc89FK7ARj9w7tz+XyLkjsFK46coy2M6DPsaayWk2BuRErUjRr9zPC5AEmI6chjk9kznGOvN16DRT4gVqqbxHWi8iHmFVWuI0STIERkfJz3buD1OSCvbGNHOAVS0AvIzzCm/Z00NJs0VK0MjN92DStPJ8QBVy5IHc/C/UdR3x0GOVviyuTP4gbhdpFDyI8TO/mBllK/xAj3AGc9Scn111Aukb7e2BX0MNYYqZbcXacOW5pQuPRQfUY6/hOMdSTyk8R1U9ZxpvxkVVCVrIAD6D++3p29NVum2Mzz5LrumRLdIpm+Z+Kt/c5EstqvTU+JaM81RRTRKDzxuqdcZ+mPYltRBspTLu6hqKYgJXVQUqfVsHK/IHoM/L5aPLPdku3BamrpqpVqI7DSO5kGBIGhRumT1bBc4+TfkIcApX3Bv6zW/905e7064Y9Q3mg9D2x1b66uZD2SVwlybAIJ8a800nHO5pIsqhJGREdshQGPbqfz+mo8tVU6XG3GAAq1VGxB/xKR00X+K64PceMN2qWlDs1SxGHyAM9s/mdBW1zJPdqaNUBK1cRz8uYZOlhlt1KS5kKsjxdqF3BYd30kVuEbybFcoOYjCw1FJUEqvY9IfX0JI9jCnheu62jjBte5GYRtSbmoJldn5QoE6ZPY9MZz7jI1YG/RUFVU7iKUsjxf8Adhflf4iSjJbpHQnI6DnCfXlA6d9Vc4RXH9mb8tVWe0Vxgds/KVTqURBjBCjLiZfo332+1peJWyUts8AW2XWJ4WB52Xq3UenVWZQB1IIOOgxyX+36iSm+1I4kPE/MrU+3iCO3/wDL1tH+Wr9VXFG4VfGLam3fvUcctTeIqqohTlk5Y3EbxqOVcAANkH1yPlnn99vdI0/2mHEeX/BS7fXp26WG3Dp64yOmevvpx5tGVt4whnadtrN1/ZEb5onhjdNucXbHf4+RSXjhkpq63OzH0BlqYAB8s46g61+AzetTR7GuUkLM9bwt3hat/wBoUnJ+7RSCC5QoCe7R/dpSB3FK3tpT4La2j3j4DvEhwkYw/fP9j6e+wMZT5ix0NyoKqTCZwQUp269xqGvCRxHfhXx92/uSWljqaOorDbrpSzShEnpKpTBNGSwIAKSMMkYBwfTQ+MN4XD7+7oedl29ukSWu41Nu9aeqeHp16qxX/LQVvyo/8HIjNkkkKDot3jGLZfKiiScuDySpIxOXDosgJySeoYHqSfnoF31WK1M5ZwGC9vfOkHixKsWAcIUU7hqVS5sinoAPTWaaNx13JdpEYkY+es0FSsVTHbUu3qmaO1XrbcTIY+UGVB8Ln17fU/lohXalKtJHJtyGmiKEMoeMYD4PXJ6/Lr30hs+1L5bFjutXRySQFS6QzDlkJHrnuAMk9e+cAdTor2pt6sr+enqKIyLMQDAQvmYOc82P5D5DXMve3ix819tdHNHMlA41NJcnIcGBrwMEG45X23PMiyB6ygutddJLZuSKOIrzBUQfiP17HPuOnt7aBt02+6W3da0kJDQxgBZAepDdwdTdctvXOmpEe4RKZIlV6ZzHjmHMRynI6fl7aC93K01/d2ghkYJkkQDPNg9/n64+ej081nY2XMdOejsA0+Opa5wLnAgkdojODY8iO5Nm2t9m8RvZKqRIFJKhHOQp9h/Ufpov2Va7KkNdDMspXlCpUICWDsjgduwDBT0+eo0qLLelvkNRRQCJJH+ERxjqO5I1K2waK+wXBo4LYRSFeSSpkfAYEA5Psc9R9dbqGtY3sHdcpoFRVVtU2OoaXFp4QbXwQbY7ud8Ig4d0tNRU70SYMvKHWKaTLuSfiXrgg9B09xqReG0iX6xVFXPF5ZikeKCDlGHfIIPX2z/LUFbhtteL2jUPnmqkcgxAE46jqcemD/M6lnhTZdzVNsjuC5jkib4BycglJABJB9eg647DSczG8HFfddjoVY/85+WEZswEY2P8Ed3knm42K9UVY0EtR5ksjfu0RPghXI7fPHqdI75Zr0wYW0YgQhWLSBTzqAxIB7jB0Ux1vLWwWyaFxUocTRsMl+5bHvk9ta7wIo4kjEyypCGVWVejFic4/Mt399DjeSRdW1ZQxyRPcCQPPbbH8pj2JHBX01RUX2oaAQQEqVA+IHp3+udRlxIpai3+bAWSeCVMxNy9h0B/oNSktpa37CqljcpKzsySMvXJzgf56i291ldXUkNHWSLLGV+IM3xA57jVnT26wuC806RdijZE4doi9/M7FNmzqClofL+9KqxyISyFgQoyNPch+42uaGgoYy2QRK6fGvbQ7JEscMsgqWEcZ5QnN1HXSy07jUwrbatHkkD/AASBurJnJBP5adsTlefPkaxvBsvFFuW/R17U9RO5JPZcAE6fNm1UtZWSQVcPL+JiT1ydOcNmtgoTdIKNSgOQpXr/AHnTdNeKOilTyoRG6ey4z1HQ6ICCql8D4yC9ydf2Ykl3jNOwkU4Bx16aK6GNbXNFLTQcnI4L49emNDmypEuFQKh1wH+Lv0Hy0b10DvQeTGAvMOZXIzg/TUjYiyyK8REjd1P/AIa+KdVaJqa70lUUkhYZ+LB6HPX6a7eeBLxEUnHLhFRw1tej3O2wLHMpYczxgABvy7fpr88fCm43m1XLyq5THGVxzemc9Tq/32e/ihqeEW/bZdJbiGo55RFUoG6Op6EfmP8AL21VRPdptcHD2Hbr0LUKFvTjor1A/wDmIhdnfgbeo+8LrBx04T2fjNw1uOyLrBGzzwlqSVx/u5gDyn5ex+R1xc8TXAy8bA3rcNs1tG8BilcMrrgjBxj5HOu49gvtr3LZaa/2aqE1LVwrLBIp7qR/f56qR9px4Z4t1WmPivt+3AyKBHchGvXIB5X/ADAx9QPfVrq1MXsFTHuN/Ef4XCfhzropKt+i1htHKTa/7Xjz2vt5+a4tX3ZDQTzVVbSLGQWwQv4SNDdQHpApOI48cpI9/T66nTi1s+qoIpWhizlmLqfcemoP3BSvHMtMwbIGXRj+HtrVLMJWBPa5pbtPq3NthZbBNGwWRcRzMCmfQ9Ov9NH9XWQLtOelJVpRGpJXHfIzoFnvFNDbVijYLIhJbI6kHOh667nuEdIqRVbxiQnnUt17gnTjQSuZkeGghPVdVzU9Uzz5HM3wgHPb0/nrVdYJ66nBB+Exgg47Hvpvs0k9ZPHV1cxPqp+XXH8tOtVDLUIWjJVM4ydEByqkjiTNU0ESqZIzk8xB6emNPO25ZZ6UwOg6vgn5Y76aKu3VSvhCWDEk499KNmVMlHJOtaWwJfhLHsf76aIg2sU6ilno70IBGzq+MnPy0+W6BjP5sKYI6k4+eP8APSBJ0rKg1MUoJ5cEr0xjW6iuM/31s8oAXH55GsWijHbdWqyjmJJDZyB21IlkqVklRVmwGA5T6d9RntOWVjjlUhjysx0a2VJFlIaQcoK4x9dbG6gbKQ6a6yUUqkzYTkJI9M/PTFHVy124JBOwIjRiWJ6AHrnSO6XSSClMkEgOWHrodo7hWVF9IlkK/eI8YHsOvX5aIDcoRAAUw0VE1RYKU+UpikAJ5zjtnrqA/tJeKA2B4Tt4rb1hoZKu2NT09yDHmEpIZY1+bBGXUy7fvs1U8duRi6AfGew5Rqj/ANtHxEph4fKXaX3l1/aV8QxjP+8kiKsAcenKzH/06K9wEZA5496hHcP4u659wuqVeFHgfxL4pcPd87z4b7DW7ttaGj/aFV93hb7kKuZaeE802FXnkYovXPMQR1AIKb74JvGbsXYdRuPffATdk0VJTy1txrqe0Gpt9Lb4oTJLPLUxc0WEVWZjnCKrFjom+zl3bdOFXhJ8THFu2RmR6Db+1aOOBpSI5Wlv9PKVZSCpzHTSrkgkZJGrxbO+0l4ScKvBlxR8IUfAXeMdZu2n3DZ4dwQJbpbc1yngFsImSMQYi8wRKW8sthwTzEkGpAlm1MQDZxAGc3wA21ts339F2Gnsb/Q4pYQTIBwFvCOCxe49YXBwJd+2xaQBni2A5j7K4fbYv+179uPdW3quP9jUkkkccZ8lWcSU0IDcynAU1KOwAyQoX4eYMGjfktBRbR2tU2G3fcYb1ZZbjVUySFwJRV1UC/EepHlwp0PYk++rMeFrd0dXdeNNu3ZtO03q3DgNdef9uWxJmpamS42yNKuLmzidWeNVkPYdBjpiNtr+FXeHiD3PsvZ21Zo7ZZqDZVp/bN8nT91SfeY3nOASOeRl8+TlyBhHOewOqqI0eoOp3uu5jiDY4sBb55V3V6dehmfFGLMY1lwBcydbe47uxg5tZRHwC4L8R/EBxQ2zwk4W7Tq7zertd4eSjpUA5ImZOaR2OFjjVcM0jEKoOSddIeKe3L9tTihtbgxcp6eqrKC2QU9ZUWiqLRT1iKhlaMuF5o5JZWIbAyHUkA82bY+F/wAB3CXwcW6l2NwvrbRR7gve2qQVd8vlSp++CNV++SNKSAFPmCMJ8K8ikDGTmofFatuW6vFXcru80s01O0yrJSpyCIzN/GpcYQGGJxygkc7nHYaxxbJKHgYAI+SrNMp56WlMJdcOLXEDvAIHuufIkqw9WwptoOWdIoWtjuhWXJjAkMUZPdj+A+xIYd/Tj1433rn8Q98mrKGSmMjq6xSw8hwc4OD1wc59O/Ya68XmjlXYFJPQUcxaoooYUpyuHdGeVDGGOCpDerEZyRn1HJDx0z1lfx7uF5raoStcVWfPK4/EMt+L/iLf8tFo8g+aj0rHDQRjwCs39jhMINo3Seeh+8wpuR2lRYwXCrBTFiufxdDnAB7fMZOPFRElr412GqooCpSWMiqPRWPKhCgeg5WT36qex0CfZY1MNs4WxgsM1N6qmYjlHlM6rEjEnv1jHyIB9tHvi5ElNxitNQtKOYVcTSM8J/d/ApJBx+HKggdSOX26abkFgfJcjQX42ef1Uj78uIh4X3CoZ3WWWIP5hcZY8gLdR06dRgH0OOxGuU3HKZZ+LV+mR3Ie4yMDJ+Lqc4P011C4yzvS8NGo4qmJIweRSV5cYhC5GemcsTn0IJ9dcsuK861PES6zJ+E1bY/Lp+fbv699V2mDLj4rrOm7/wDoaZo7vndWC2TeJKLgvbLwrK8cthhhCluvMmU5sH25GH5nW/w7WsR8WrQxKrTVNfFI7SdAqqC/N7gY5v5aF9gT0tf4erZTGoAIeaOVB3yJ3I/UdPpoq8J7wz75o46+IytTw1IZSCedFp5GGPn6Y+Xz1bSn9M37lw0RHE3uUReI6ZKniTX1Sjq055uufX5aYuFuX3tRRcgYPJykYz37fz08cevNfetVJPy87TEkgdM9Bn88f10ycNY2Xc1M6NgowIP56WvdiIXdtWaop6m4XPd9DDLKiNwp3E0xVAesVudhgjIweUDPfBb66qbsitkt26aKpXGY6hWwxOMgg9cdfTVp9r0VRXXnelWQVhouEO43ljDnKc1C6j6jmcZ+ZHvqo9sZkromV+U+aMMT26jRYwBEEKZ3DKCF1O4g8Z6uLx7WTbFNVc8iWfa9RhZMAvLaqOZxnOCOXKhe2Tkdemof+3shli+0i37LLgGW32Bjjt1sdBg/oNK99LXWzx/8HN1VFaFO5tg7Xq6iaQEhkRPuZxkkj/4bHuMFcD09fb8U6r9oVuadXDCfbthcsD35bXTJ/wDZj8tGcbs9ymXEtCHPsi+H1ZxJ3lxF2PRTr/8AjDwyv1kkg9XartlVTxHp1PLJIr46jKAnBAOqkW+WMyrIo5kJBAHTI/y1cH7CXdp29487DQCZB9+gljeJhkyqBkhemAR0br0+HVRJbRV7fuUtiusLQ1FFK0FTGy9UdDysCD6ggjGoOP6Q8/nb+FAnIXbfZm/jxD4S7F4jfeCf23w+sVRISpyZloIYJu/f97DJ19eumfeVzZ42kZMjr/TUb+CK/ft3wQ8NamCqaSOittxt8vNJkrNHdq6Yr8gI6iHA9iB3B0UbruISIxvJkY6fodKy+0VYRXLAVHe4qqV7pIylev8AiGs03XyrKXF1d89Bjp6azQNlIkg2UQ7lvlrtwW3U9PzVbsueXJ5BnqFyPQDOfTTnsrbF9aqhlal8tJjln8341+ue3/PSK6Vlj29SCqr4Qk0jc0ZlfkkUHqMDGclcdfmNILHxZjp6to1ukkNODiOOBFbnPuT3A74zriImzOi7A9Sv1LqtY0LSNVa/Vahrb24Wiw4c/uv389lKN02JJdImuV2RWhQMxhEjEL3yMeo7+vTUe37hzb9w1jzWeOSlkhEfxj4lLZGM9z1B7de3Q9hooi35PNElLcLgzRSlGhcyKPLAGc47H0/PJ0yQ3Sz1ktQ37UNUqc/mI7YcH4SOnQY6ZPT1OpQ9awZKR6U1vRDUKM0cbY3Ak3NwDe1xY5Pu70KUPD25Q3aC2V1RDSoZiEUNzHnLenvn0+upPXZ0Nt2ylJDNJIQTymTofn0Huf66EbXdp5qmnuE0UCLMBLHIHJbHRfX5/wCXvo+pbnMlvWcycz5CU6MM+Y3y/XOflqcrpCQvK9F03SoYpzFc32J34cenwCQbW23t210E24NxRlp0jyYnXDKCQce+cgj6A6fdvTDcXl1tlpWijii5WiB6DrgHPrhj/M62VVsuhiAvLpUTMp50RMKO+Sc9v+eifh7Q08Vs+8wKFQyCTlCgAe3QfmdAe9xF+aPBRETtiFmttnHaJ3ufqkd12rLbLS1+qaf/AMXTU78oB5gyYJySOxH+Z1He3bnXXWoM7Vkr0zSAKoIycHoMamjdF2pKzb9TSU8WZ6iB0EQODnAy30OMfnqoFj4wvtHdFZablDIHpahgsSzY5irdjnt27jppyghdMDbcLkemeoU2i1MAc60b758Rbf0UscW9zmy2tqaEFVll6sOhCjAP9/XUek01xo4qq2FpJVyDA4Gfrn+/XQ/ufinV8RLzhaKSmiUjELH07f06fr763Ut5qYIWpUIweqsvQ9fXVxDAY22O68j1fWotRrnOYbs2GEorplhjbmpBiRvXt315tFtp5LhDVSxsqc2SV9NIZ7399iUyAFlJ6fL3/np6pKdf2YHp5HGBhg4A5PmPfTAaQuYeWyvJGQET37cU9TMYbI8cKcx5wqAqvQ5xoUq6OWsdgZDlXLF/c6001znt6GOVXIDYJ9MaM9nbWg3BFG8qFczKXAOOZScHUrcAuk3h9U/hX3h9Uutwp6II5VmPNgfw/T8v56lwWu2SckdvuRmZkHwuMMDj/TQYdnttq9SU1EP3sYDQsMevuf10utF0uQvorKiUOVTLMOgGen9AdZfiOEUxGJvA8ZujGKKpoeWRwyuFwwK9fnqReFm8Pu8dO8cxj+7PzIQe5z/y0C0df96ppa+crzMVCLnqxPXppRb639nEyJgIOvT3zn/M6VqYevYQV0mg179LrGyNOF2w+y28U0PELZ0fDC+1wNRTxeZQFn79Msn+Y/P31bbcu37Xuzb9Xty9U4lpa2BopkI9CO/1Hf6jXDjwV8b7vw43vbtwW24tGYJIyOVsdmH+uu1vB7iZaOLWwaHeVpmU+fGBUIp/3cgHUf5j5HTej1XWwmnk3b8Qua/EzQBp+oM1miFoprE2/a/f47+d+9cpPG/4cKnhLv8AulgqYiYTKTBIVwrK3xKw+ox+uqPcUbeNuXI1McfKJCQxJzy9T/y13l8f3h3o+MHCiq3DbbaJbraYC45V+J4R1I+eO/0zriP4ltpTU4q4poik1OWQppTqnUNYY/2nZdTHqMfSvoq2sH96PsvHiBv5Hf4Kv94qbjHVNLCzZdxnAyABn/XXw2663IxV0pA6hCcZ/X+Wt0ompq6OmqVJYR8zA+5zgaWOKiGkCsxUMQcA/wCWrhuy81kYQcpTaJY6SdIp1IQD4R74GnZ5jVIixM6gvjp66Hg8kiiTqDjHfsNOFlavjp81C8yZyhJ0QC6ULTsnCioGkmenrlPKik8/oevfTVeJY7bUD7qcrzkYHqM6cqWvqZpA7LzLESp+YOc6Hr65ylP1ZjJlf/N0B1sX5ocoAanW1XSOnJmicKXyAfnj+unS33GSoUTxw4JHxqOuMHQtSxy0rJ5wITI6H0+eia2zQwgIEAB/AQfU6kls7FSBtKDyqdXwGDnmAB9wBonoK37rOaUvk57+/wAtC+050hiSKZuzZ989s6eEr5hUPUQIjKrEBmGcfPUh3rLXCJLdPDXc8dSn8WFU/PTduypS33WjNGUV8lHII+EE612Oplmp/vEsjFnYtzEaT3CjgkuImmy0fLzGRT2OfX9NSQzsi87gSzWOWoRwkhQqvTuvTtrmT9rtvo3fc219sJVlyaeatqYWbrDIWKD/ANyEf+3V4Lhvt5ap7PUEqIyVBbOT9NcyftEN3Q7p8TNzpqaXmS1UkFCwwekiL8Y/9xOtEkvAQn9mB58Le8j6K0f2anCfhBf/ALLTjPf+JU8jx7h4m7fttfDFdvIZYKLlmiQckbuglevmUuFb/dAqB5bZtvD9jb4ZON3BCi8WNl4nb/2TXbhucjy2auu6XG2Uk8l5elZyJ6WnnfzCDKkbGI+ZKg5sDnNLvC54Wl3v9kjXXO01sVRuHiH4gbJDaKJpKaBkgtlDc0nVZaieNcuK8NjIH7k9zjRjsjgr4j+G3Eo8P9/8EOK1jtNVe69txVdxraifbN0toFVNRiSMZgPJJ9xEbZKh4lIw+CKCpqJqWeSpjdfgudhgtsbg2vfFt7Y2XpHRzT/6uaHTGOET5JIQHXOQ82sRfhsD2r8N7kgk7IjvngE3v4brZ4hK2g4j2XcNFJwMp1pbxBSy0Eckp3VbWMYWoOSWgtldMACfgiJOCwUG32bfCdd40eyrRUVNPJClut1ZWUqqGed2pUoGhVh8LKfu8OMtgM8hyACRD+/N48TNq7H45cKrZZI57LvO22Wl2vA9bLKsMkZqDKEBZlj8zzqpxzEczouPY3Q+yB2beOA9fw33debO6bUr9wSw2CtrXUz1cEEUNEJGQnKRpUsjfD0LV02OseWQE81TL+Yn3dk+N+E595B8brtKln5H85RU7hJYus4Ws5zDJxEHG4aHt77i3cpT44732fu7a9rl3zs66bemtdWI6SoqaL93U1C8pPUnpGxQH8RDIAc5B1Qbbd4qr3xlqq+mamrKOdUkSYRhwzLL8XPk55SvKwADY5R16Et0z8e/Gmv2FWb74cbb4QmDb9JtuYXG6vNFPQ008kbYCJjmjqSSrICw5ELMMhCDzD4PVtceI81Wlc0cqVkeJHkERjVUOSFAwc4BHqc4Hcrq3gex0ZI9VydMxz6YEiw5Zvjf696sPv2uu9n4ZS19niMU9NGI4Iw2ViEcx5l6kFwfUKCfhx16nXJLxsXqW98V4quaRy6UKqwZg3L8RJGR3+Jm+nQDprrDxMqqai2EJJpUi5Iueli5c/uwzqzL0BPwlmHfoepOM65AeJaomruIdxuEkquKm41EkZEYGVL9e3/FzD8h376do7gHzVD0xPDTMA7h9Fa77NqQxcI6ariqlUxVVSfJ5s+eRKCIuXHds4DAjHoehBlPxeO0fEay1ccxWn54hVTQkvEnKzgdc568nKO+R19cmGfs+7gbTwpttYGjYPWzoyAEug84nmOcDGMsMHOUbGDnMu+LVKqK+Wy4mmDIfKWCIoMS8q8oyVwUwzN06dVGe2mp8H0+i5PTybsTnxz3DS1XDKkeeSSGQuGLBcKrchACk5B6Dv6nm1zG3+3mbxuL8xI+8tgn210a8QFbUJwvpqd4hyQU8ssSeaSWXy15XOck+p9OmAe+ubW4pRNeKiUEktKSSe+kNN2cfErpum5/TgH+0fJSjwsuKNwWqYfMHm090k5VychOWMk/Lq36nUm+F2TO+0ljKL/4CtYZwAT92lA/PJH541BfDO6NHtq42xW6+cjhc9Oox/8AaP5anDwxPCm+OSnYs4tFW6MnXD+SwB/n+WdWUt+qK4mC/E1RNx4ATdtRkNzPKWYZz1OmzhfA025oPLUEkgAHsc6XccKgT72nmBBDktgD0J6fT6a9cJKBpNwQODgk4H6HS/7UxY3U77DrgL9vuimXBqOD25kJ5SG5hQNJ1Ht8BH59dVDoyVqUbp0kBGR076tnseaGPee6VZlcNwr3SgUM3MxFnqCCcd8dW6/4flqpkHSQEHBHUdfXRo8xWQJ8SC6vrxAni3H4jPCfuIwBXquGlqp3eR8BJY7vcQznlzjCuDjr37emvf29E71HjnussoQPJtOyM3IfejTGfnjH8j66aROtdafCRv6qh8rngvFsPXnGKasRwoBzkE1J9OnOB/Dp7+3XtLx+LWz7mkQr/tJwys9x75HMpnpSAfUYpl/saK6/C7yH0RLYUCfZx8R6jhN4z+Hu+Y5ZBFTbkpoqtY+7QSuI5B8xysdNnjQtMO2fGfxa27FCY4qPidf4YE5cfuhcZwhHyK8pB9QRph8L9wFr49bWqZiQqXqE5APNzc2FHzHMRkdiBj11Ln2uNmpNu/aE78ehpRDHXxWe4FAwIaSos9FPIwI6dZJHPr1Pc6hu0hasXNCsj9mlus3Dwmz7UgnLpt/e9bJUDP4FrKSjMakfN6Wo6+uD7ZMmbwuTSoVBzjqemq6/Zh3yvo9ib62dIwMVTV2i8KgIzyxx1NOW/wDLmoQfI/8Am1Ol7qxIJCc9umlZvauU9DfgshG/TNJXc/f4PUfM6zW2vaD7yS6ddZoKn2rqqnGHdl8uLff5a2RpZ8P8HfBJAH06DUaxX+4U1zVxVkOuE7/hGev+epl33s+O4U8lRDEGlp4cLkYwBnpkfL1+WoYv9up6O/ypA2f3g50J6g+o/nqqoDF1PCBsvcfxQg1dvSJ9RUOJJdvc5tzUm7I3nuO9D9kz1IUB1xNJ1OPlnOB20QW3c23LfUwR/epZ2KvIZX6AhuXDYHyC9+3XOgWzVsdmtEtTnMtShRGB/ACP9M/npBcN7xoi09TMgCDEZVcAZ9/y0J0HWuIAwpQdJJdNoo+tfd/ec2F8DuCkWu4gW2rZbaadKUKCYJaVz/vAByq2c4Xpj5ZzqQeEu9566Kaju9WFkSIMhZM4CnPw+xwen1Oq7R7vplbz1VS6dRKDkE/TRRat61klCv3GUxsnQGM4ZgOuCfUa1JREssEbS+m0sNaZi++NhgEd2O7kVaGw7jVm+5+ZzLMpDqzDJ9+/bRLtPd1mjiqKCKdRLzKkirICQvT4seozzA+owNVd2PuO/mpNcJp5ZZHIkMqFioPT6Y/p+Wiq37lfbl2auqpATL8cZBx1OQwwP10g+gcDa67mj6diQNmLLC5BvyCsJQUl0heoqJFjULVqYGcglkCg9PqQT+eq28fOFtoot7VW46IlzPPzhVGOpxgH+mpvt+9rXcI6Ckp73GRHQoJgAQfNx8QPvknH5aCuI9faLrO0cdOkwjAHmN6fLH5Z1KiMkM2VvphHQarpIbcEg3Bvextyt3XUD3C1Xm2stzpY2/dkKWVeg+vv66+2a+VsQ+8upB5iJEK9euCD/XUh1FBFFbpvu1OhLkg4XI7+310LXC30aVlMkFE3NyckqhxkMGPU49CCOp9jq9Y8O3XiFZQOpXgsdgpVsq01+5L4aiJgscTjqVCg59BnUhVVitbXZaaMEknJLdce2mDaVnipa1KSkyW5OchT07/8tHk+16dZ/vAqG52UMzheo79NDe67la0dEwUxuLm+Umh2HZnaWlr6Vsyw8sTEnAOCQflk+ul+0bTcqa6U8jURJgBUpjGVBxg/PT9ZpobiIaCQmTMQ8wsfw/I50dW7YM19rTJRqqvJGvxDOVIAyT9dBMpGE6dJbIOOIbJkr7ZLJRysKdWmKEBg2OnTGhyrpBbq54KqMg8qBWHqwyAB+ujW/wBsrNr0Mck4Wpd5PLlHUAHqQP5HWq3rZb4C0lqCOh+JecsMH2J/PU45FW11FxPsTYpvpGrRRQXJo/JhiYg8w6PkD19PTSeTdqoGplKtyuDGwPb/AF0TbhoYaqyi1UUwC5yo/wAJ6Hr/AH6ai7cFhvUP722TI/lEByhwfz0Vp4ikJmugsBlTtwb3eIa0lqk8zRj5YIPfXTb7Ljxb01gvZ4cbuugSkuJCIZH6JJ/C309Drj1whvlZBdPKll5peTorDuBgnHz7asXw14l3Pb1zhudvkMcsLAhg3pqunD6SobPHyXdaQ6j6SaFJpNabNcMHucNj6FfoKudda6G3yVl2qoIqVU/eyTuAnKfcnpjXFr7TzhHaNn8XL7deHzR3SwVTGppamifzEjDDJibHUFTkfTB9da+LX2xm7+JdZScGaq4NANvQRUNVJGxX7zKEUl292wQvf+HPqdZYOJlDxj2o1DNUrUVKJz8plIJGAwHbPocY6gjB0WfUmV8rQxuG5uVyNL0ZrugNHM6rlBdM2xYMi17tdfvt7rkZVC7sq11ZJWt3JOdJLhdVSBBECWCgdfUe+pD497DXZe8Xq7fGXpa2VlkUL0jl6kjp8sZ+YPuNRlc1gpmVZB0Ld/Yauonh7QQuIle2Q8Q5rZDVy1EAmhGOUgHJ75zp62zdDNRtbplJCt8JPz9NN1HS0c0CQQgADGSB31lHT1NDNLEwblkB5Ch7ex0QbpQggp9rKloUZUYBCMYHfSSgpaysqYfOphyLKzqwX076+zQmOMRSucv0RwP00+bZqORRE0ZbkOCflj+WpA3KG9vEU23+GJaZpWh/j5VHb8/799KdqUz1MvNMwbI+DC+g9NKt5QxmmQpFgliRkdxnSnYQiSNyaP8AD1Xr0z7alfCC5nayjW12pfuitGw5nJ6H0+X89e5ybNTMoRmLt8Q79fQ6WUVKsUImEoDKAVUjr0GmW5XWpnl8ol2JcYcnOD9Nbuhltk87fuKGlRG/C5zy+vfS0SmWjqUlcAKuCB9c6F7NcCtXHDI2FD9Dnt1043C7iCrmghUdVw6/n0OiXBQXBCW66OW4TgqwEqEHI6Z69dcneOW5Y96cZN0bogUla+9VEo+rSHP8866v8QbgbHtW5bhedIDT2ueWORuvxrGzKcevUD9dchvNqNwbwFRZrXJNPW3LmpqJAWaR3kysY9SSSBrGi77/AH94StQSIOE8z8h/lXms+1uKvBz7PjhlxD2VxXNop7hxTqLTNb628L9wWOSniH3t4ZMxhTL54ZsZULkgA5M6+HPxabm48cAaHwp1HBZLVXW6vgqa/cVsuEIF1on++16qYFUGACWFZZPLbl5YmiCgTAium8ZOJnFnwbcF9i7fuYktddxM3Gstl+6RoaAUEFrY1Ejkc6HnuNUHDHGRHjqQNWk8Cfho294X6j/vTh3k+4rbUGWsq66vtXkvXxS0cUkdNTKz9QCkoDnl+EucAEc3JMhhAdK5oDnF18ZPaJyfDO69qq31tbKKSJ/FFCyN0Ya48IDYmi4B3LuzcjJIOThWfvfgb3JLw+2BubiVVxPZbvHVKaI2ekjip5XpyI4lZXWWcyVPksfMycU45WLEqZOt25fDlUfZwZuNdTW+9W+c1lmnEw+80NJThjHSIV6qBDPURHt+9maUdeXTxY/ELwB23wpkq903G333dtwUrSM1QI46eOSWKYxU5cnywssDAFsEjDEYyNAMHhp4X7t3TJxO3ruOstVsgq1uMm37HcgHqlY4TlOMIrlC55j8JhX8QkwuMi7RJNghUspZSAPLmvZIHNsMOtcjG/Ox5WA2Xnxe+JnYO7PAVWbC2/RRUsly3Z5G4jNMZGrqtqkzmsZ+gIljWJR/hidVGFUEc9eBTR00Uk1PcYmee4u8DrAvIhZWbnQBeZj1x0z+EnPxAGYePG79qbt4c7rptumegqKfekttktvmABqFvNqaKbqGCBIpEpeuc+QD6ahDgjW11hNkSYS4ZmmlhaDPl1LKisq5AI5/L6EE/gwCc51Yw+xjYoskNPT9mEWaSTnO/j4bKfuM1THLsCpapaNjFTlSY3VhIwZxzIxOBlRHlOnN8QAwMa5Ccdpo49zrQqmGj81ssPi5TK/Lk+uQAc9O49snqdxmu9YOE1dyyosy0zZjI/CCuckY6spZMA4JJ651yw8QlTFUcRJ1gidEjp40VZH5iMDBBPfocj8uhIwdWtKBwLhumTwGN8grN+A4Cq4S01I8ywr95mEkjdRy+ZKckAE92GAOpK9AcalfxbylKGiudPXI6Nc41dhKQUYlQ2AQcKAv/LB6xF4DKioh4YrPGVBg5XRGJ+IffJAcj1Uh29e6D3zqT/Fmvn7IhrZI/OK1iqKhQUB5VUt0PYAlh29dFqTlcxp2eG6R+IGtqpeEXnTK8MdNZmyzAAggMqqCOwIIJ9yM+g1z2ujiSumcHoXJBx6avd4mL/FD4a4xzANNAiqmSTzgfiOR2KfPALDGdULl5i5LDqTpPTstcfEroOmzwHU7P9gPwTvsq4Cir5Y3bCyxcv58wwf66sD4aFan3TXy00bs0e26p1CHqnMY0Lf/ALw/rqtdtkMdbGQcZbHUe/TVkvDJWtHXbkrWXmYbRKooTPxGrpf/AG9AR9SBp+W3VlcdTHthRxxppIDeDJTylhC3JzkEFsnOcHr656++l3CekM00UmFGM5BOO3z9Ox0i4oBnvlZHUOGfnBZgMZY5PT+WnTg1BJIyrlghcBiO/XP+ZH66Ds1NtNzhSRsWuqYN5biWWny9Rwv3ZCy+X1Rf2PVYIPp1UAn25h2J1VWM5Ycpxk6tPslWq+JdytkRGanZd/heKB+X4WtlTkL7jmOSPUEj11VdBykY99GjsWJSo9oH75K3r7gmr/Cl4cw5Yi1b73BSRsgOcVBthCn5AxOfr1+epH+26ukt+4ocLb8ZeZp+C9tkZgwPMf2jcsjI9RkjHpgDUL7LlnqPBHYLisDGTb/GOi8j0LCpoq1yQT6ZpkGPcH8pm+2SqBd9x8K7zCCIxw3SkBUDHNHX1Ltg+v8AvgPy1Im7D5fX+EyLkZVMOHtc1Bvu03CCcxmO5wMJcZ5P3g+LqR279/TVn/tmbZC/iV2tvOEKsu5OFlnr6gLg/Gj1FJ1I7/DSr1/01USGSWGp5Ynw38JJ9dWq+0evUm+NhcBuKTTiWO4cNHtqylsszUldOWJ69CfvAbHpzfkNNceF1u76ha3CLfs5rvFbKqvpllBkvWxHgk5V6vLDcoJsN7YjUY98Z1PN4mlETYODzHOfbVbvs6LnbKa+UdXcCjMae5USxMSCRJSSmMjp3811HfsNWUuETShkI6Y76WqORTNPhlkJVlVLHUMGZ+pyMDOs0ouCxJUlXJGB0wNZpdM5Ue7mt1M1+8hHjMLSmOR2GCy9uX59umdQPxf2IIb7PuKyxgB3LPGF6DrqyF8gt4s00skTO7kGMAZ+MnHbv641D29EuH7UqaR6dus7q6t1656j6a5aikLH4K+wPxFpqXUqIMlb29wRyKgy8bkeNf2fBI2M5fpjHy03feZ5ADJIW6dm66X78sc1uvciiMjmJbPoRnvpqLhYhzHHzGuojDOEFvNfJVe+qbVOZKfZx7kvoqeVsTZwp7fFomssdeQqmVlRSD5gbQ9Zqdnm82XJQd1z30UUd15V+7ADlY+3p7ajIbpqhja0cRwpG4e33/Zt1u1ZGtU4bl8tu4U4yQdP2+6ynutqW5WJSsXLlcjDRtkAr9O2Pr9dR7RVfLDFF28sdOp6aJqHcS0VnkNU/PGygRgr1J7/AOukDEOs4l3sWoH8iaVx7NseB8/onHb+5LnbY1lnYsyRcqlf6n8s6Ltr3Onv9sqLeYy9UnM7LnBKn1+fc/odRqNz1E0gqIqAmPI51HcdR2/LRzsjeVn25corzNSh5MGPkc9GQ9OuO/c61Iwhtxuj6RqTOtEb32ZsSe48wiayWlKGzmK4WUx9PilbJJye+PTII/TQdfrDOlXNWUMRUI/7x3XofQddSJe71Hu4x0VBGsYdBEHJx/FzA9evfpoUe7XU1Mm26Sn55Y5AHRTkHl76jCXAZT+sQ03ZjBu3YEcytG1Kq5W6uWRoGPwAgr2ORkD9R/PRlW3a70AEy04YOuSACABk9M9u+m26vLYY1juEMSExlhEOuTnH5dBpRBd/9pLdT0UFQQCSjLz/AMR/v+eiEh2UpG38s10XEbox4fXK33LliilV3miJUZzgAdVP99MakfaW5qmyqaIyEgEmNwOo6nA+nX+eq22Se6bJv8n3G48ogfCuDlckg4+fbUjW/iGauthkqZi7TRRsGDZCkoMjP1B0N8Z5IlLqzYxwuw7ZTBxFraWexxKYkaachmA9ehyf6aBaOaW1VDFVZY40HLg9SfppfTX1b/R8rSFjC/KynPwjJx/fy1uu6QLReeyhiPxgHHTWRjhNisrnCd/G08kNVe+qileWaRCrs+FUnoevT+uhusrq79oieCq5VnYc6hcjP/Q6ctyWyOmppbhE+QCRhjn6Y0xW8SSlZkclUOeUHudNCwGFzEjpHS2JRBZZnoLqlb5gjMyljg/hY5z9Ae+pJ2tvmA+Wkk5yCAFxgfLOompqeonrYq2GUABssGPXofbtosilkWSKmgPKzNzEgemtPa1wTVHUy07i5mFE/iHu972Hxzl3ZQyH7pfClRA4b4VmjVUkTHvkK/8A9QfPU7+ETjzebxuqgsVnp56yoqJoqajpKCJnMs7S4ESqATI5PwhR1YlcZychvFrh9FxL2dW7WmeOOq5fvFvqZOgjqFB5ST6A5Kk+zE9wNFWyfFjT+G/wHS7Ql4f0lDuK9UN1otq19NEIK23UzRSQV1dOwHWUVBNNFIfjB++8rKYoiACFkWGjJRekVZLq1AyVzu0zsny5H3Y9FO3GRNo79cQwXCKSpqo2aRoHVo/N7YWUEqTlVHw5yVxnrqre/wDazWq5zQySsVQ9PQnOOuPYgg6YPCJxdqtuX6bhnu+tSKHcEn3y2zErEkVbyASKCPwiREx/54o1UAO2p24wcDKen2PbeLdi3LcL7FuRhWVlzmuCyU0Il6JTU0KoBHHDJHPGX5nMuElblE0Zkdpg5ji0rhWlvFwg4UKUs1VzRwQuy9ADjT7b6SueMLLmTywMEnqev/LSq0bVp46sc78xAyQf6afLdR06TSGVDyx4wM9+udOXFlIxm1ym2ojjjdYvNBCgKHK9j/edOFmpHANRHJlSoBPYdPXTZLUxVlW3UAc+VA9Ovrp/2xUxQ0ctNU9QMY+eNbQCO0lNwihudNHFIhDI3cHuPpr5Z5ZrfK0XkRlcjlHXoM68QtBWMY6Sc80IIyx9f7B0npLg8QeSRz+6Qq/MOoHUnUmob0a11zjpqGOonlK8y5yp0N1u5DHCKlZebsM++kFbfZbtbhHFn4OoHof7xofqaqSVom6hWJ+H09NSS7nIitl8ndhUE/j6jp76c6i6LMzM5IkeMISD/D/Y0P0tQ0CwKFXlwQOY+ulF8jeNkr84YLyuue47jW7oN77oA8bXEan2h4ZtxB5WSpqKNKKjkXuJZGAGD/5Qdc3uHtt3XUblprhtC3Gapo5BIkjsEjjb0LOxCqc9skdcatz9pNuW4123tq7Boqlk/addJPNCX6uV5Y4SR6jmZ/zXTh4Y+AcdDuXZ3D+ssVNVWy7XanhlqyA0lbzyKstQFJ6RosjLzEEHkYDPUgU03Usva5Py+ymKbTX6i+1+Frdza/aNyAAM5Dd+XNTt4D+DU/EXhO1g3DchbobTHT3evo45GanpJauaKoqXdFOHdkhh51Uc3NBGvXkA1Y63bC3TunhvRbU2LZKcJtu4SRWOkjrllqUopg3NCwz8Ert5rO/RC45VHKqgBnhz4tcIODHEgWLiVa5KiwXGSoN4qLbAFaouioGmnjyQoWMzMqIzcrL1DZdSs7Xeo2Xw3ulBd+HNkq6p3pIxbrpWUElI6R/H5lW8bqHYCoCwkEtycyy9QQDzsLY5XGV5PAeXeb8vj9he0iX+ls/pXVAVEbwQ+wA4OFozzIH7bDY9kEkW07A2n4cuBV6lg41byivl6pIYpKnanNCIqSrjYMYjMigrLkOrqDjlZlAJwFFPEdsS88YNgU/EzhNe62qaL7xHLQ2yYTw0csPLy/BH8RUpyHAGG5DgEkadOHngS4hcXpZt/brrqZrXbIqcX7cKMoJg8qNuZ/NAXzWV4xzduZm5sMck33FJs3wRcKKi4cKLQKunqpVramO4cs8oNNJKq1TQYPlFg1O3L2BjLHuRp50fB25bZ2bz+/FU0s0ENW6Okk43XsXbA/x328lVLxKcHNu8AeHtPui2Wm92Kp3dRUl1u1quMglNvmjpyHVScl4lqGqGWQ/iiEfYqx1Es80NnqaN6iF45C8ciCYgHAVD8SkdD2zgdSThcdAU+Kvi3xH4ii2cReJ1VJW1W4LxS1FnqpHJWSikSN4WyB0U5YMD2bIx6aH+K9nu1PX01ziiMUVOGz5mOfmRSR1wTkDHKxzzZx1wDpiNpfGCRZRfJZlibmwT9xHusM3DKanmmRKNad0jnml5evlHy2JzlfiROoycqR2ONcv+M8wm4g1yrghG5QQ2fUnqfU4IGR310O4rXaGbhlV0ihTL92aYvJ1GfLJ75zgc3N/6fTLa5ycTK0XDe1wqgAMyKoUHOAqqoGfy1YUwsxef9K5g8tAPcrN+DippaDZ1JRVL8pe1c7FuY8gNceXAA65Lj+zqUvFVc45Np0v3Eea6SiSqhCkZZuUrnr39Mf8Aq9TqKfBxNHTXyjoaqItHFt/mKjHMMTQvz5A6lepAPqMaL+P245bubitNVE08dW6wxNH8KBSFGPUABB17nr+eTi7wFTUTgwhJvFhc4IvD5t+gpnbnlo81HODhSAFAHp1AH0Cge+qTTZDkZyM6un41E/Z/Dbb9jWZysNiRoYyx+FOpBHyIGf8AnnVK3ySST/FpbTL9U4+J+au+mjwaqIX2Y0f+IWROY5VkHdTkasZ4ZKt6aTdGGYoNuIjY69DNGf0+HVcRj11P3hsBNh3PcpHzyWqjj5Sf4meQ9/T4Ub9dOzewVydN7aC+KtVDLueVoHUo0jMOXqG6+mjPhDb0gokqAjNlAwx25vb9SNR/vOJ5r/IxYNgnJAxn0yBqR+HoCbZWA8rOp+ME4JUjBAz9D1+WgO2T7cFFfByOar49Gk84MzbfuivMMEAfdH64Iz1IC9P8Q+eqqr3Ax66tFwHq1m48zV4IJh2/cWYs+Mf+Hdic+wJA/n6HVXEJyD66PFiNKVFiW28forQbRrXp/s+1v0TGQ2ziBQSzQmI8paJpOQt/iHLWOv0JGph+1XrV3Bw/4PbjhlSSGrsVw+7zRkcrx4oJQRge8jfy9c5gnhRuWep8Be/to1DKKem3lZasZOcc8vIxI79OVAPqdSn4yVao8H/CCORA7WGou9vWo6fvYnjopYTnJz8OR07FSPfU8Fp8kw0jhx3KmwVmmZh3BJB1P3HS9z7u8C3B6qYl225uK/22RhjCLMtHJEvTt0hkOe5+InUCdqkv0A6hjqdrnQVLeA24U0q80UG97XdqOQAfDF93q6aROnUfvJ1z8gufTUGe1bwQwBzRD9nTdlXiFBZqiUKn7Zt8zAsBlDP5Tkc3QdJVyPUZ9tXBq0C0TSyZHw9flqjfgnuptG+/vasOX7ssrSABijRzRSL8PqCVA/P3wDe7cSpTedAjEBJmGSMZxkddAmyxpTkHchGujZqp2blBJ9RrNa6yZ1qGHQ/UazQEa4WjeFqoa5Eqbcil6cCOQAdOZiev69Py1DvEaGSn3HDCKaRgYw7YXqSVzj683TUjXua5mjYiN4nRRLVKrgKV5ckde/RsY69e2h7dNNTX+kp7plVqYQTUS05zzEAdenbGT09jri4HBjt19+dIKGDUJ3MicA9pB8CBk2++SgLitYrZVXaR6GLHlnzBG49Dgsox6df66ja6WOWnrykC5gK88Qx17/hPzz01M2+rXDdLgGkXMrMS/LjBH5e/X+Whq97Tgt8DwpT4MThwT2BPp+mPzGujpZ+Bgavk/pVobqivmla0AXvjxzbw/wAISMf7Lpgspy47D3J6690NUWmTOBlhrzeoZ3lXKdAAAceutVJDIHQv2z7acsCFx+WScPcjFqlFgJ5vjwB3052esaviW0yyL8eTGp9SB2/v10Mys5VAM5I66c7HKtL/AOOkdl5RhSB20OysnTkvtyRe1KaW3eXSxJzOM82f7zp1oLbR3CjiDsEYD42AyVA74+ehS6Vc9whiqUnCKrEsid/XS+w11WsSmViBgEHPb5ai4YTUE8XXWIu2yP8Aa4nmiIq7g55V5B169D3+ulMt4sWw66e9VCPMahf963X4u+B7E9f0OhXbe4RNXS0xlKo4LIVfGPXt9M/y038R7+0VMlFkOmeaJnH4enf699QEZLrK0fqLIqYSNtxN2J71s3RxUve7LhznMdLG2URRg8pJ6E+vr9NJtscVbvaLt92lSMiZwqjPTr0x9evfQgbnUJH+zqWPzXl68yr0GlsNmiSohrqt35E5S3KcEtowiaAubfX1Uk/WcZudz98lJ97uyVdvMyO8U4k5mQevf1057Vq682M1LTENzYAA6evXQpaqxbpSvOHLBSSfc+uiq01UdvtdHTTR4Hm80mB169tQOxCZZIXy8d8WUibd3FU2+lhrRMC0kZSRVyOnof1H89OF03nNNQJzPyK2MEd1JProUofuktsNPJVCMxSZQg/jz/n1zrzfKulpaFYlmVyMEcrZ9fXQ7AlWD6mQM3wifeN0jpdvmkViZnK8ik9CDjrn36nTBb6eanjCmQMsgD5X+Ht0/roZv257lVxw+efgRV5SO/8AfbSaHc1SZ44GlJUAZAPb20QDFks6oYZLlH9BeYIGankb4+XmAHfGiq0XGGqjjuIUqPLCnJ9uudRTQ1rftPzJHyoCgEHuvTGpD25NDGsa1EuI5CSc9h0Pp7awiwRYZOMlFtHNTV5ZjjBAycZwP89QFxY3duzj9x3tvCnbWwY666rV2rbtDZ/2hmOurpK+ILTmTAATzJEgDEA8sQZuZss0sWG6MLlKsM4MSucZGMH2+mo34+UNy4d7loeP2zpVo6yiutFUVNXHHn7vU08qPBVFf4iGRFIPTKoOvMdYGNc9r7ZGyHUVEn5R8THWDrX8QL/yhy4cHrrbNy7T4JXniDajWbsti1MV0WiqYhSRq0y+TIkyo/nFqZ2RVblkUAK3xNy9JOIcPDraXhoguMFv3A+zqO0W6KalsSCSroY6Y0qVEjDB5ofu1Kjy/wDFRwth8MDyc8QPG7jdvXjxaeJe/NpUlmZ7RTyWTb9pMqwUNvBeblRpXaQSLI887O7FlkkkyQo5ddR/BPxrpt7bLq9kX+qt9RVfvKK4UayxTotQOjKpUukkb9gylkYN0LYOT8T43C+x+B5ffguUmjDrllzY4vjGL+ufcVC29NrXLYm97htirqYpWopQgqKdsrOhAZJk6/gdGV1/4XGktDUuIJ3YnmC4De2pt4vcAtv2vh+r7T29HQXDbEUNPXQQMzefRwwLDEUZiWeMU0MM0RYs4jjrY2ZvuJYwoVSno5mZcB0wTo4BsLozZGyMuhCurHt7GdxzYYsce2iC11oqKB6yGRQOXLHPbp/f6aE9wysg5C+D3wPn2042uqegszRSseeUEAA/nqYKUcbONk+0NUH5pPO5HVuhX11oqJJKuqfr/vWLN+Q76bqCqkq6SSmjOGI+MDvjSyhD0aGRlJLRMEY9hqaC44S9FKBE9CnUjp19ta3oySvIgzzfppFT3lSSrglR3J769w3aNJGTnblyTkg5z31JAcliebMQBHkRtk/XTle5GqIkJHTlyuP5abaGqYqxQqVYjqR8tDvG7ipaODnCm5cQLnIkr0arBa6Fn+Otq5M+VAoHXrhmJ/wo2OuAYk2yUMGyiri7w8g4j+I+2Vl6hZ4bRTUlBaow/wAElVO/m+gPxKsgIGO7Z/hGrKcTY6HhL4j5mtVqoKWo2jb4aaGnszs1PHS0tI05iRndm56iqWWVy5JKGMdpmGgfw97Xp6C17b46cXrO0tzqbjEVgoZGCR1HIh+8J1PwxkRIi5IbkQnoTiQfErZdoy8fN2bhulIk1La7tXhIJpiy1NXBQmRI3JbMsKeWkbHODzIPRlPN1Vc2ao4WnYkHyHz/AJsvbuj/AEJloYpJKwZdTCRjSCCXve1thcDhIZ2if2sBJzs/8W7lwv2rvmfjTdo4zbLvfXrNlUNwth/8Ok0UfNW1ETL05HXkWIg8xR2OORQZh4O+CPxecbtu0m5d4cebDa9qWzb0Nddr3WIZAKYvNIksZP4pChKZyOcIvr2r/wACLpTeM3fu2Ns7p3BFYKi3863Gor8GKOkUy1CzAfxBSXj5vQyAHHQ6nrjnxN23c9h3fw9+G/jMbfs7z4Yme6XjmlucgXnLxxyANHSo9Qzxp0JWQBh+7HK9DFBSwXlAts1v1Pidz7kjqGpz9IaqMxyHrC0GaYtvY7EDwAaAwc8k2ubOvF/jnd//ANHifw6cFeKtTV0dlu0tXW3omKlrq9lEYSpkEfKojRQpQYXPOWcDICQr4caXfvEDjXRVg3tAIK+GpppLjf0VoKeRoWeJ6hQOXyHmWKOTp8KVCHIABB/sHwJcVdrbCq+Plyvdiptv09sanvlXeLon7yjamYyBFPxGVFCkRr8WUHQtgMEcY/FD4aOF1XuaxcJeGN0pqpJ6SntFZV1iSR0qRgmWqyPxyszVCqT/ALtZSmWEaEGEXVSCSaxdyA8O7uCrqusjOmCKjb2IyQ59h7TsjiPNxANt8NtgAKvni0jk2Bf9o8LZLrUJBQbhQ2ulrQTLT0sk0tbSxOrBWQpDPHGf8PKR31vum7DfduIK1WlU5Ewxzl2UfDJy9F5ctnHzbUWeJHfRuPGu11VTdp5ZATUy1FR8crvyoSWJPxHPMMk5IHsNPFJfoJ4KdqWKKDmkCTokh5XbAAkVTkg/F0wO6jHTpqxDB1fFZcvJqzhK5l9rD3CyT8d92S2PhhcayanUBI1zEGKmQt0IHbr8WAR2IPfGqG3VlrtzOOY8slQF7YIBPt8tWv8AGZuw27h1R24RjzbhX4Zuc5aNQW65/wCI/njOqkLLm9LM5/8A6hTn8xokQsxctq1T+YlGVYzws340W9pIzGjObHVoqZ5QrEk8w+hAIH/CNH247St/3ZDsynqeZKqmRnYfCXic4J9Scg5+R+eoj8PdUI+JvlMiti1VJbDHuYpG6e/pqatlS/eOPlNTxwoZZ7CFhAAdUCylQ3/mDMD1x69cahO4BxPgh07S4ADvTL457irGVIIXEUND5cbv/Fyluy+g+L9c/XVOG6jPudWn8bt9qLhcKuZqnzI6iNzA4GFCDkwo7emOuATnPrqq5OV/PUKEAQCyZ6RyPfqLg47f4Xxe4+up78OEUg4a7wqWwyqtsjBx1JIqSB+mf5agRe4+up18PSyx8KL9OspCy11OCD2JSNyP05zo03sqqpvb96DLlG9XfGEjcxJ9dSPtCleGzyIy4Jh5VJbGMnv8+41H1SCdwMxUAc2MA/8AEP8ATUlbfiansjOcfCnPGx69ACSc+n/TQXFPjde/D/Iq8aqrynVlO3bhHJzEqrAxEZ7HHp+R1W5cAgjtnVk/DrK3/f0aVnP7611KNkHOeXoenXOfb8+mdVsHYaPHht0nUkXb99ym3gxQT3HwtcVYYnwUobfNgsepS5UnYduis51NviWrJr34Ftj1zBB9y3HHSkBs4BoZWOPQdVHzOQfbUQ+GShe8cBuKNLE0maewSVEiJ+Fo0hkkGfo6J89SRxTuElZ4ENtwCcmL/bCnbyunKhaiqRn368g+Xw46ankDHimGWcPRVRnfknZevU9NWL4XvT7i8A/FC3eUnn2w2+oizIchTcaUyYX6Dp8lOq43EPHXFcZ5SRkanHwwVFTcOE3Ezaqxq0ddsWvnYlSeVqaFqoHA9f3OM+mR6aEDZwCg3c+qQeFCtgo93089RLyL5jRuSMgqynPTI7Yz+ny10BuVWlwpkuRT4KmJZgCuPxqG7fnrnX4ZatId0cs0uOR1IyuRjmBPT6ZGfnroVtyZavZdqkdASLfFGeoPVUCkdPmNCmt1YTVPubpgr4wKpzzBcnIBGs14vNSsde6qWA9MazSlymUNTNPuKxySvGz8rL915VwcdWcnPc8rL/7B76ji61t2tVxNPXmVIlqWMagfCegBxj+/XRbTcXaCx0wttnhR5lZuZmHUE5OfkACB79NCy7zF2RaC8OpZC7xsSCCzN1+fqO/v7a4+Fjxe7cL7eqZdN1AMlimPWgbj2TbYX3/4SKtk2veK1pKy1tFNNGStRC/Lhvdh2PXOhfinaYaC0UbW+vjqKd1AmcHD+aQWwVPXGAeunPdVPV2yperp5AqB3LpjqhPofl06aErxLX3ryFlqjEC55JDHnHoRn5DB+X56s6dgJDrrx/pPWttLA+LtnmMc/j655XQrTOtbG9MV5S+ADJ069hj568ViU5rFoiVR4o1Vyf8AF3P9R+ml9Bagl6WW4RTyQ07tJzOmA4GD+WT8I/8AMNI6+11ZnerdOcyPzFgBnJ69tWrHC68vmjkEdyOfwH38ErSlULlpCxROnKOx9z+QOlsU0Hkxw+ZhpOgXXm022veOSKoZo/Nhypx3GvoWkskeEjM8zjBMn8I9SNSG629hEXHaw5pVGkiK0ULiXmOAo9+vbRNFSx2qzNWV9VHyCMBYgcZ7ZJP1xoSpNz0lolWdIY5agkhYMkcvz0gvF/qq5iKsyMD8RiX+mpcBclBUQwMJGT8kR3OvtVNWUzQVBMoQNH5QyAe4ydJ7xNWXqIh8uWYYGO3TTTaq+grfikRo5sYhR+mAOn9/not21Za+vtzSx0RY+YPLYkYPyOtgcOUJhfUusNj3Jn25R19FdorWlPK08wLJEsfMTkYx8jn09tGl42tXQ7fjnrqF4izL0K+4PU47dQB+enGy1VFw8pDumCGKevkBRPNUER+/LnuR7/Ma3Vm8Kzc1sLvAWkB5zEq9+meg/vtoZcXHCtWUlNDAWucS45sBsP5SXYVrMRWNgP3eWckdCc9BojkopaWV56iUSGRMmNB+DI6D+evHDqgAgmuVXRkhAR+8OB0z6adqaFDWPNX4RJvgRCCSCTgai45sixUwbTglNVwutNT0lPIQwYn48e+NaIrqKuqjhjpyS7jGB1HvnXzcNraCXyi55VYgD2OdarVNFbIzOHzKT8RPoP7OiADhVdIX9ZwlP24qSnCvHCVJ7sy9seg/poTrTJFO/lE5K/55xp+oamKrlHI5YuMHmOcnTVXVVNBcJueHJ5Dgj0xjWNHIrcxabEJVtieUlI52IzgZZfn01JdrngmpY6VpcyKoDDPUjOoqprhHHLztIFUKMZHvjRVta6rVVyTLPzlQBy51jhlEp5Q1uUd11GElgemkCISvmBT1JP8AZ0RRwwiiKyojZGSrAN1B6dPcEAj26HQvDeY2mkjNNgEj4iMkY07mY0gR43yWGQD6awbpp3Da4UaeKThDceIOxJ7hYVdLzaEklomiXMk0LJyzwYHcshJA78yKBjmzoY+zx44bk4Z7kF2u9ur4dv3uqeD9pAFoo6inaNmYk5aKOMVI5mbA/fA5JGBOUMxE/mNIQyMcEHB5gff3zqAuJWx6vhhvd5tqzTxUdwmluVuoY5XWnmGVNbSNGCEY/DDIvTJVVTryjBbNezgcqWphe+oEke667Cuo9/cP7XxLsc0IudrRotzUjUyuZacHJflwOcRcv3jkJw8fnwZAqW1TPdF52BuC/wB4reF9zaqsEVcYqGR5A/wkBwFbvJGOYokxC+aIy4UA4EcVfj23HtvhRBws2HWkT3iy/db7dJGDTPb2BRYh0PLI6FklbuygEErK2gnYXEOm2/vuOKrrBFab1iKtxnlp3BL8/QdkJL9B+B51HUjRInP4AHBU7uGCoIbt949Ec7pt9bVVwFNIBzOAQxxjSiikqR5EVRGD8QDFWzn00nvVQ9HdaiSsXllimbMRPYq2PTv202pfppnEiSdVYggHGcHRLrTjm6LKSCT72YoV5CWBdh7ex/TW3eF4ipzBFTH3BHy0z0O4HWBqyql5ORcHPXPXSe9TvO4qmOQygL07ddEbsguIW+grVrpv3a4K4zg6cJ5YvMASJlHIAc+h9Tpg25OtEWZz8R6jI1trNyRUUctXPMGUFsRj8UhCl+RfdsA9P1wOuoSSsibxONgp01LU10whp2lzjyHdzJ7gOZOBzRHWXa0bbssl1u1QVhixyRr+OVuwRfTJ7dcAdzgAnQpXcO335xe2TvDdtwNVatvbbG47fZAFkIulTXVFKiFCfjCR0EUig9PMmUHAY5026w3LitdaGAiVaRF8ytWNs+UGPSJT2LFOXmPpz4yemSiW40GxOKN+rKGwRyXGpgs9t2/SpE7MsjUrsvMuSojzMSWzn4XI6qBqgrtQMrXwxX4g3lvkgemD6br2boX0EjoK7TdV1ZrTTST8JLvZPDFJJ2QfbAc1uLdt1mAG5BOd6XmkrrY1ps5WGkkooai6r5xIo4fJ5HCDsJOZpgrYB6qT6Yj7f1BS8aN9bX2Dsm6wJbpdsSVNJVcxlkz9wZZV5XOefMci4ZsAdPQDTZxo3JftrbQouHO3s1FwvVfELrdO3nzs6oFUD+EMoX6A++kHD+2b02dJa9s7CvMFLurddJHYloGp8siVFUk0jytn92VSIFivZsxHALYV0ijLrTv9kEW8TYg+nd3AEr0/8YekQoag6VQAiY07xKXH+3HxslHE7/7juEmQj2nyNYLmwVgN9bj8J+06Wi4K8JYKCjrqG0TQS7hlgWSXcdTjy5B5hYCnp5AhIBP7wcpK8vXRd4NPClwa3lsSp47+LC+RR7L56qnesq5ueSeuSOKPEQUFhL++5uzcpT8Jzg1c4EWTw90W+LtdPEhdrhdvuVQktJt+lZvvV1kmRpEpqclXUdSEJYcoAkY4EZAIeJfHSz3Wx1WweH9lNitEV0xattJd5ayntBnRZGqUkdizzlEILEsI1cRIzBOZraWR8E3WyWdIcAd2cemV47pUJ1PTXafROdHSNcXukda5cGZF+b3NaSG7D4mUPFVx+N/4U1HDbhlvW5RWCx1KNTbXeTzKijjjgH/ipwpKvPInlg4LJEBIq+rO0748OtBxj8H9x3/TcQ7JZL1ebndWs89xZ0irlpYKeRkj5VJXzDV4BwQBAeoAOPuwuA+5+EFptvH3ipuC22ae8RTm17Tr41q625QcoeOQQFgYY+ePm5pcAxgnquARXj1dV4Mb12FsSiSJ7Laa64LZKelJlpIaWGCe4LDC8mDJGSFBkc878iZwEADMLmwvAly91/THwAtsqbVKhtVBLFSkMpY8cXN9n8I/7n3lHEeTfAAKmXFredPWccJ2oYh5dPQMqEdjzMcL9BnA+g0fbUv1RUUsdTKxzHGqBiv42ToOvp+AYP01Xq7Xma6cQaqpiYIYAqEk9jls/wCXTUxbProoLKk3KzTupHL3xk4Ax65HX01aPIDAvNuu6yUu7zdBXjKvyT1dmskE3MsVM05PIMfHjl9O/wCI/mdQHESa5WJz+8B6fXUp+I2uNwvs1YHyI0WNDnOPiY9Prk/pqLKIg1SdP4s62zDbJGZ3FLlTT4Xy9XxTCRA/vKKdUI7rmBxkfP8Az1O2zIp047LUxOI1pNtoVkqO/WX4c+2OUjr9dQR4T2YcSHCIzMtsqSCp7Yic5/l/PUxcLa57pvesuE0jyubS0U79+XDEkf8AFyjGPbDar619g49wV/oMAqa2OPvcPoov8XFT94lRCByqjBWDZyMgjPz7fpqv5GARqbvFTVh65Yxn8BBJOevy+uQdQieoOi6eb0wKh0qYyPWHhq+anfgNMsXBW5SHH7y8FD/iOIU7fLrqCNTnwYnWn4EVCwqpklvk/wCJO+IIM9c9fxH+WmJvZVHTYkPkhyojzXpUt8OWOF/56kO2hItseXDJlmUeYOQ+x659O40CSr5lbGWwS38OAcHOjW1yCCzuJm+NEYPHkgElSAfnggHS7t0+xwaCUm8Od5NL4kLXDO7oayOaFSrBeZxGZF6ntlkA/PVfjnlAydTjwMUx8fLbc5mB+6zo0a9MFiwyB7dObr6d9QdKDGxiPdTg6ajFmpKp5ev0VgvBZVGXZ3E+wy55KvYVe6EjK88UDuPocBgD6AtoqulcLt4AqdZub7xQ7jpJCPQYimT/AO/Pt2xqNvBzutrPuTde25T0vGwL5FTjt+9WgmkH8kbR8tcs/gjrJ1kys10oVkRh18xGkDHp7rgfprV8e9HhcCwKulSTNIzrkn1Opy8ClKbxxHm2ycFbrbqiheNs4YSQsh6Dv3zj5agiZ1p62RfM+E9jqYfBXfDtvjfZbgzECKujkGP4uo6fQjUP3BSZYlDPAGtMO6hGTgzwqMj65/5fnrojw0qJKvhjbZJJS2I5AjE9SPNbr/XXO7ZlF/snxTrtvsxBoK+ekJHoY5GT+q66BcGqoT8NYHVOULUSYXPYEKw//O1CUdi3ij01r+i8XKkk++PzOw69BrNeLxWTrcHVcDB69dZpWzUfiVXNu3lbu892tE586WMkIR2A6H6dtJqO4T/tLnrYChR8PzN8JGcHpp34cbarKPb1JcqaERRV6tE0pQZChuVh19fhOT89Om8dobOr7eKq2Vkq1SsFkic/G3v0GA3UHt19CNUTnMbJwjyX0lptNqk9C2SMgPADuG/De+cAnJ5plbiRbL28lqudI6SKpRZFOQ/XoSPzx+Wt9r3vNs+VKeoscNRSkuzlpB3KgZBOevQd9RvuG9yWGvMZpiJubPOBnPT/AFzr7Je6vcECNTzS+ZH1dM/CCfro4pWBu2FxdV0krBWEk/rNO9hew5G4z9Uab14u2+uoZrVPaAlPN8UZp2AHN6c2Rnoev5ajv/bqllJWKmlVg34gwOktyrDVsY63LZUxkN6aTWe1mkmLTwOU9OnQjTsMEUTTZclqusahqNUHOIPpt4Y5dydavdqpEDE8pkA6MT0GkkW4LhW0zmtqCVYkDA6gae5Nv26otiSQUyfHktleo+WtR2rbktQWn8wTBmPb4fYDRQ6MYASUkNa8El2LXTbDU0jxsnX5t66dLBt2mrmFQ1xlj5WyqYzn8/TTMbLU08yvKwUBhzKf6aKrFSmGHIPMp65Hpoj7AYVfTRGSTtjZbLhJt1KBs1Mklxjf/AFVh9fcfz06bV3xVU5S3QRDDqT8bEgHGhi9WyNKs1URbmznv21vtlwpaeda1lyMcsoHdTqPDhGdUvinu3Fu5EG49yXC4V0K1dTnEfJGgHRBk9B8u+nram4P/wALJBMAiqmCRnt20GTzU812aeCQyID8LDPTpp4tqRmbzoR65Yk9tacyzQpR1EnXl175U1Watok2/wDdoa6NpMcxh5+rHJIOPkNKILpHU0PmV5VXjYcgx6f9dRrtu5mluSAVHmEJkBmyMEaJJq+G41vlv/u+UkgD199B4Mq8FaZIx7kR1kMV3D1NNGzh2yRjqD6kfLQ5c7VKsTNA7lS5C4PXvp/R5LXa1qIJWDAYA9FB6H+WtcAa5hZo2XkiOeT15u5Gttwg1LQ63ektjo5bdG0nkA4QdS3qRg/1023egV7lJNUSMAWPRfmemimkoPvCPUCowIyQVx+LProcvMTiZnU9Gckj3GttOUGSMBgCR0MMKjkqBzKD1I9tEO3qBaeoiqrfhucqZFLdhoZ+/LTAiSFhnODp6sFw/ZyrGp+FviBX376mQFCOwNkewTj70QvUgZPXuBgaJLOktckMidFVlMgb2zg6ArffMS88bgMR8RP99+ujjbt5WWlCxkcxX4nI6EaiBYpsPa42K+XCs+63OVyh5ZXLIPbQ7xX27/tzw8uVNHTzy1tDA9wtX3WMtOlTEpZfLA68zAGPA9JD66KXajq52NeygZyMeut9qjpGrXFLnHKMEn09dTG6XeO1cKiu2t91dwvclyu9VzT1TjnZUCqoCgBVUDCqoUKFHQKoA6Aalfa1dBdA1FLOyBV5o3X8SsPwsPp3/wCuhHxg8HqjhrxXG77BSOLNuKoM0axD4YKzvLGcdFDZ8wdh8TAfg0n4cXesqqmKN6796G5AuQuRjr1OAB8z0Hc6YIDWiy5WYSCZ3Gbknc8z3+qnzb+5pNzbaFFWzEXCzrHTVEaH/eUgHLDKPUhMCMn/AAmAnJY6cLascb4TJ69MnrqULP4RtkcOeHVh43cUqc1dmqIPum4KmWjbz9uRz8iU12VfhciKpJV43XnEZhgCLNVv5YhWbDvW2d2Vu1Nw0cdPW2ueSKuRXV0XkzzMrjo6YwysOjAgjII1uwLA4LbO06ybKoTySIiA+X/Eo7aXeROIzDMDhFBww69hqY/DX4aq7fFK/Ebfjfd9sUo5+esUorKf91nHVi2CQg6sPiPKoUsl4ocMaK98XKLavDW92qppa3EUyLOhlp2Kg5IXCLnGQhfIUkk9QSH83GJOFHNFOWFwbe2fId57h4qEr5cjaoRLFCXmkVhHHntgdWP0JA+edIrBZ67dm4kt9VUK0tSixGUjlVI85YLjoMsQq/IevXUk8Q+C9DR72p9v2KrrKl6WkhhvD1qxxE1Dfvn8pY2kVYlSSKM5ctlCThm5A427hRUUVtp66xzBbgn7ynQ5VZ4xhsAA9OnUA+wznAxzmq6pH1hbHlw28P8APzwvpv8ACX8I9R1fToa2r7FM8hzr7yNw5obblbFyezckAXyVcOdiWzZFjS10YQuMeZIep5u5GfUAn11BG8eKdPtTxYVz7rts8wue3YbfC8EqiaMBquAyxOnQSqsoZTg8pjQHBUnRtx147SbPtMW3drXZFrZk/wDGVEEoMsT8qt5SdCOclssx/AuM9XQGuU+9ZNrcR9lcTr1afv60t0eimpHbCLUTDzIIwO4jWWnUHqSfMc5JbWaLRyTSdbIey4Eed7X+S6b8fOkuj6ZotPpWlACWjljkFsBnCC1rRzvm5ttbv2kSipbxtnctT/tNN59TaK5qS1O3MEMTyMfNUH/5qsMjp8JiJOc4JH4WN87T4feIG8cY+MlQ1vudhpIquzQ08AnlgqHgkqrS8UMpbzo2lSFHUn4ldgxy2dI9gWqz8bku3/eRxEte0ks1NWRWm+zf7tK9UJjSVhn4JZo0TOCB8I6KNB+9N4XniXfbRvDfdrtcdVb7bQ2pKqgpRCZ6aOogg5CSADIYm6E9VVF68xbPVxQiIgkbYA7u8+ZXytqesS6m4sbISH2MjzclxHstzY2aOy0Xye0fBVft37t41cYrlvCsemtty3VX3OWOO30gpKS1JUSNI/3UdSqGTnAOSOUykYLk6NbhxH2Lwdtm2NubE2Xt+fdFlv1SNyNuHMlLLC4iRFlIOGgURRyqQSQTKrdGQMZfaG8RuFfFK18PYfDmLVa57DarjR0lro6PEiRLPI6LKAoOFR6uMlz+Nu+R1i3wzcOdl8VbnPtDdlXHBR3OxVNLDVLyj7zWThfKf4ivLEcBAevL5nsNRkhAkLmDtO5+Qx6eHepaXqctTQNhnktBT54AbF5e65At+5wvdxGGtAzZrTIS37jFvG83Le8sd1v015pYKe7XmojIerqp6iONOv8A8tSUj5Yz3BTmyc5hHxMb03pe99bI4YzXOGoqtq2it/arUtSszUOaKp5YZipwshQSEpkleYg4bmGkHFrxacTeFvDO48ErNeJaGrkgjo911seCySRyRyqsLZwZGkj5gw6orE+uNVy4G3qul4m1d9lqpRyWSvaVVmPxI8EiDmJOX/eOjEnJJBJ6nOoR0MMTusNy7vKBrnSp2rSspI42xxNeS1rBYNBIuLm5I7IySSbC5TTa58365MzByZEwSc5OOpH56m3b7A2WAyyFGVCf/M2B/L5+moJ2zIKnccygBllqjnB/F1/5ane200ktpQOpIjhGOuB0xkjTj7kLjoxklRLxzn82LzCvKz1QBGe4Cn/lqObcjNUhh6DOjnjhUBp6eIMRmRnKE5AJA/5fpoQ29TGqNSoJysGVAH/ENTbeyBJmVTB4Syyb/q5lfkKWiqPmEZ5cQOc4H8h2zjPTUzcGqJYb1cqyneNlitznmlOSoKhgfh6FjnGPr66h7wtwEbsuMix8wFlqR1OBgxkN/wDslh79enXUz7Lkmp3q6ugEYSezk8oUgyMsgBIPvnAP/CSO2qjUjZhHfZdv0MiDtRY4jY3Ve/EpVrVXnMDkqrvkk9viPX+uomPr9dSPx5qvPvYiRcKoJDZ+eMfqDqN/T89P0beGABc/0jeJNVeQs1NvB8Rngk0UnU/tupZEX8XWKAdevy/lqEtTfwpi5eCIYFetxqn6jt8CD+oA/PRZcgKqpheRaLfbWqJo6gwsW5mICLkk/PGn2ciNp4ZX+Fk/CBkgnOP5/wBdNlgZIkPmsUDdCQpyc5/Xtp0vdU9NSNUQsjcyfvGHp3wMehHT9NLuuCrBoFlnh3pIa/i/PDHACsZQJKUyykyBc/8Atzn6agC4qVr5wQekrZz9dT94bqxv+9qqC1JBdFYMBzEnnB7+n/PUB3Qq9yndHJVp2K/TJ0zGMJKoI4Qj/wAM+2qvcnE2gFunKz0UwqXjBIM0CkCZBj3jL5+WdSnPHAPBvLU084cyXSiMjJ35v3gbI9uZP5jUY+EvcJ2tx523enQOq3GMOjEgMvMMg47jGdHOzqyorfCfuTbFVTFqiw7igWdx0IRpVUD9efWuaPD/AGwPvkoTuFOHmLAAe3T5aPvD3MaXdVDe0JZqCqTzYgcFlz1/kNA1zUJIyAY9NP8AwY3LDtniBb7lXEmjeoWKuQesbdCce4zkfTUDlELRxYT7vyCa0+JXdVM7BQ+7a4o3cFWqHdSPcEEH89Xj8PlwWt4WwylHVhy84fGA3IFyPryZ1Sfj/Qz2nxMXajmkVzz0kiyxjAkBpIWDj65z76t14Vq0T8O6uk5iADEY1znlB5z/AJ6jIDYqUAAfZElwm56x2x3Pv8tZr1W07NVPyLgA46nWaW7KYUJ22oqJeHaRUVRlqeuctjsFIGFUfPr+hPvqMt6Xqqgqiac/gOY2LnocZBP9++i+x39dtSU8NRcY/u86ctTAHGW78pHzX3HuffXreG1bDVzS3mihknppuVniXAZOvb/Q6oYwI5CHbFe91M09fRtLHWc1oBF+7Yjwta/P0UaQXOh4hRmzXuOOO4xEtTzJ0EnbI+v9caavuFzsFWEjVmXP4lHQn/CfnrbQbakgvhrKOrIUsGhLjBwfpopsFHDcKthd5cchLFyenMTnm/mf11YC7MDZcO94r+1N/dB9rvHj3nxTJLtGuusBqjFyO/4h/hOmy3VtxtEz2y4W53VW6BoyAcnqRqZKKmofKjaKEOYmxjlwGHTr89OVTYEurRSw2oOB8LFkx69D8++tdeGjKk3RHyP4on2Ple6hWpuYpYjUU8bxqDjlZif119s+6Grokhmp1Qkn4h3GCdSzuDhpRPRyM1EsbZzhuzd8nQLeuH37MRaughzgEqEOcjP/AF0WORjwkqvTdQo5b3wmWppJboAtOA2T15dLqWeKxqIFmJ+HPyOk9mmmt01RMyj4gVMbjrgjv/T9NIC81VVyVdQwEfVY1z39/wDLRRkqpksxoePaKdmqqWvV38xSSOxPbTeKb7nXENh1kHKwJ/n+WsttvqZZwVQcjLnOe2voq1ln6L1Vz0A7DUxg4SE3aAJCV2hhQ1EtJKocA4LE9x7jTlVrHGrGGcxquBy5zkab4paSoh8qJAsqISSD+NR1x9R11pjurCRY5VHIVAGOutkXN1FpDBbkiOw3ArVx8hYlxhB8hqUdmbaNWv3qSqASNC0nN6KO+o6slvLR07iPJ5MoR65P9dFabiuMFJ9xVSqMo5sHqT3xn10J11bUfC03flFN6ucFRUmOnJRBgLH7gDp0/npBQVjUk7Kjn94w6D+WmWivhmlVqnoObLOO/bTsxpoKDzY5iHVgULHuCf8An/LUALJxzhKeJPsNVLBQOsb9XPMwHdehGP1OdIHp45iknIWAHxD89b0kapoAoUqVPM2e51ohK0yefP0UOQAh7jWwhknZNW4IIpaRGgTy2DfFyr76Z5r1XU0qorhFHc47DTpfZxVVqCKUoCc8uP6/pphvNPKa9SH+B8dfnorbJWclowiPbN6qKgqJTzZI6j11IW290xQwlJGCMp5eUDqw1HuzaHy6cSSuBgjHX166KKSGFmMwYk9xg6lYIDJHsyUV3K4T3NTJRoyxhckt6HGvls3FLao+eocmVj2UdxpFRUs8NEZUlzzZypbt00hloqnnAUlmJy2T6a03CIZHcN0+b129aeMew67adzaOOSZA9LO6j/w9QoJjk9cDPwtjrysw9dVu8OFXS8PuM8V43tZopBariYK2hrYQ6QD443kZSDnlbDZGcLHIcE8urIWNZIaMrjBZ8j+mox8R2waS3UcvFPbtOsVfDOhuxBJ85CFQPy9vhwoPpgkn1OpAk4CE5gJD3C9l0KsnE3a1t2Jd6XiBTLUbZqqM0d2jqCeQQVRMEsRZSORirs6uDhSglyPLyIw4W+HauuW5au0cQt0U1xtT3WaC33FZWObNSyGlpqVkJUx+VDTCFkBHWPlz66rxYLxxk3/tbZfBuxVdJ+2aS50fmRVdwT7pUWeqh5UqJpsFeSnRyrydRGkER6lmzeey7r2jwj27T7b4TXCSvvW47fBarHca4Mkk1ErLTyXOoLHNJ9+qlaYYy4ijjL4KSOUJHvihEd/+Pv7wjQ0vWVbpWtwbW7i4/UZQH4hd37i4p0/+xlov1ftbZFhgZxTWFsV1xXMKiV6qSIRwecGADQo5IUKrIAqRgPA6h3rsNpjwToFtV73NTVlNZKqimbNotcK+fdaqOZyWSc81JSLO5Lj9qzS550B06eI/fK1tzqtkbPudSIJJMVkdTHySVNJSAwUcrE/FzTTSXJ5oySqTUsIXARdPtq3HsfZ3AC9Xn9pNLf7Xbaq37aoQnKoN3jp6SKpbsWCvDJUEElDJTUy8uGbmqjU/rhl+/wD5++S9Ki6NT03RSTUeq4uJzALi9wHDFu4v7DhzIyobst3jtXE9heK13jtwp2kllkb4nljIqZHH+JjMMk+w9QdbvEnxoo9k7De07auDrcJf3UU0DgPCvLgopzlWMZLEj8KAn8RQFi35dLPQX3etZX1pguVXdBT2yZYPMEQmqVyzdR+GMPgdcnl7Drqv90vo31xB/YNHJiBklprYjtls8jiPmI/E7Mck+rN7dkqTS5qqvDn+xZpPuF8+J+q931v8SoOiXQKqo6VobO2aohZYjstEj+DG/YjLRfl2Rm9x7oaqpq65KyrlZvNj5IemFQA83KoHYZJ+pOevfW3cux7rvTZt+oLZJIKpKGattbrnMVVTR/ewUA6tI4pBAo/xVOOpYAtu2JqeW0SSXaqenlppQcAfEVKHPL6ZDKP1H00Y1u473tTc9PuPbNZSiKnnSpoZUiJhCmRZ4ZChOSI5kil5CT8UQySSSe5hh4bHuXx/q+qfnGPa83L75O5Pf9/8NHhhb/v93bS2m43AR09ZbLlVQU0L4RK5KOeZAynAdvvCRhVOQQS3oNOtg8RFuPBe78Cr5s2Cqq7xMsizGLmmhqIj8QB/hB5QSR1PINRfHd5uBHGa87K2FO9vtV2nivO04ppXeSnjmQkU5lIBMsQd6eRuxeCUZPTRRvGwScKjQ7iu9Vb/ALxfbc7VNTSVCzGhqso6xgr0IaF4mJx+JiOnKctENNlxDJZWXYTjFx5f8qwXhosHCPhrvl794gq6G803EPa1ZLLcGrAkkM/3yaBzBK2VjkjdBIpbpzAE9Aua+cftxx8M9wXPhdt3dNHWW+2VksibntUqyJLAzMYo4AD+Lk5RytjkGCcjGYv3Fu28Xq3t9+rpY7bTmU0kCzMFkdskiIHqiFwCx9QoAz6A1wvlbU0rS1fl09LSKVpaaM4Du3bp3PXqT3PXJ+IawXtlY6exPALD4Lzua8vdypWaVIFY+VFI3MwZurMckkse5Y9ScenYl4aWA7ebd0lUIpJItpRvHJBLzLF5s1G64OOp5XKn582jD7QfwpbA8IXHKHYPDPiy+89v3Kx0N0tN+enWCZo6ilhn5JYQzCN0MpQgMR8OQToU2Te6rcGwtyV9ZTJz0NloqGSpRMNOBMxjLde4jVU/8sS+ozqDnNc0EbY+ajTl3XXO9j/6lD3DqnaovMLhgv771Hrk6nm2TMtilkZEVggK9z3OMZ+n9NQlwtpjLXQgDqZcqD06gZOpwjCx2hHIKFo+YJkkEAD/ADH89afkWRIh3KBeNUrG+RxsADgk/rpl2VGHnqCGw3lgA5x6/wDLTjxlcHdzxcxPKDkk9sntpFsmIFppcDOAB1/v5aI32Us+5lKlvw5xtTyXuRXbm/ZUyoVOCrEYB/UgfnqXLDVinstDJBJIEahljnMfU9VyBjp35B+Y1GHhzpeaG9F6ct5lrlwQeg7dP5Z/LUhXiSOh2L94SRyVVGEwfouO4x7d/wCeqTUjdwavQuhrHNbJL3C/uIP0VbeNkzf7SyQmXmByVIbPQnOgfRZxdn8/crS/iDxhlPbudCeranFoguK1h5fqMhPes1N/D2SKn4G0sUqhmaWpljy+MEycuMfVc6hDU1bFb71wnslAkgUs0wY8uT/8TJ/Pr/LW5b2CUpr8Z8lvVpEgBlj5JsDK9cBsZ/qdbtzViC2xQGUAxo3YYL5Jbr8/TPy1sErTX4086IkEfSJEUY5SpI6fkNN+53+706l2CnnLHm65/vHbQDunhe2Fo8PV9FFxxpkklKtWK0SDpjmJBA6/NdRLeV8u8VUfLyhal/hxjHxHpqQ+HXmUfEK33+CMfublGGY/wljjv79c6BN3xeVum5xnutxmU4+TsNMR2tZKVN7C6eeEFf8As/f1nrOYAR3CPqO/U41L9tt72ih4pWBJl8mtmmljHUZkp7mDkf8A0jL+h1DfCk53bSp/+XRl6Z6g9P8ALU/QJFWVG9alwPLFddITkdR5ySsp/wDc41o+1ZGhLixqrpfJGFU5U9M+nppZsSGnuV9gtVVIVWeVV5j0x39frjWjd0C09yZU/C2T+utW3pfut1gmDAFZlKsTjByDnWjtlZ2utspG481FS+/7Be6/P3qo2/Rx1bKuMvTl6UH5kxwRsT6ltWj8Hlcs+266AMRzRI3xd8dcD/8Aa/pquPiQjpp7PsW/xlA9TBVxyBT+DkaHp+rsfz1O3g3uIeKpt7KuRQfC2evdf11BwFkWPi624UxVuFnPO+CdZrXVqpnYyBifTB1mg3KaVEr/AHWvinNTVThy5ygRuiH5e35aNOG3FBpKKOmnqVeVGKtHK3cH69xoHqaT7zEtNUH4QO49NKrHaHhnE1KeUHAbB/EBpKSBjo7FdZQ6rV0Vd1rCpA3LsmR2kvFghKLHISqL8WAxyeg69Ma+besFwrjGs0XIJW5pCPX5f1/QaUbKo6hqf7zQVciPGepL9FHX07HRrYLdS+RCs8TB+TkKg45mAx1/lpQksFiumZTxVsrZoxw8WSOW6XbdsFurG86cKZI8AKr4BGOoH59dEDy2paFY6SpYhDl8n8BA9tD0NbDQSFkonpwgxlmz17ZGkrVbTTMYQVRmyVUd+uf06aXNzkLo6Z4gjAxfmnO8XimhUPWLzxFfjGew7Z/ppoez2ucYpH8xBGxUEdeXm7H9TrbX25a63yzSOSqjBjHqNI7bOaOE4hBUx9CSenXRGAWwlqx5M1njBCCOIm1niH362RhA7crgf3/edDUdphglhgZTInNg4Opa3HbI6nb9cgXzGaEmIj1PQj+mo529TJUM7TqfgwR09dNxONsrk9SoWfmQR+5a1oPIU/dif3fQ4GemT00NXOdYq1mp15C3v76Jrlckt8Mq83VvwkaF/upaJp5zzHOep7aZZlc9XR8DgwbhKqZZ0njnGSMfFy/Q69yLCpMxIGOoH01pt0rMCZHJGfQ603GR0lMdO/mAn4cn0OiDBVe4dhSBw+3JTVVIadj8aD4fdfTTrNI1HXATynlkTKNnODqMdvV1RR1haNvLLfiCn1zo4t94przQGmqZuWQZ8sn10Nwynaeo42BvMJ7opRJUhI5lChwSR309w1IKlBH+FVyO+hK3LIpaSXJJA6j30/WucBPJlflK4I+eoOACbjlthFNnuTXCYR8uCoHp39v6a819HNHMFLk+WS/Lj0BPX886Y5q57fJzJK6sDkcp7Y16Tcxco0rEvIMZJ6jWrHdFMg5rTX1McdzRK34QR1Psc99eqqlkqnkWJcJklHPXpnpptvryPL5jqQzdUBPpnSqy3GcQrSSYOAepPpogBSjnkuIKWWSvaFTEzkuDgD5aLrJH93h51GAV6g/r/poZoKV4KgTPGoZj8PT20+x3qnhp2jmA5w2AVXoQAOupDKCb3unukucmGhRiR8j0GnGkliLiRzksv4Qeo0y2meOXkLDCvjqB6HTiKMpVNCjnIOVbW7BTBNk6mrSOEsGCcozk6SyzyVKyxRVcscrAhJolDFWIwCoIIJHsRgnWm4005p1mVT1OJAfTrp52xS7T21sWu4tcQbuIbdSwyiCniJSWZxJ5RVc9z1wGH4WYH+AnSddWx0UXEck4A7zZdh0J6Hah021b8tC4MijHHLISAI4wQHOzuc4HmTYAkOPAnh5YeGe3Y6veFzgWuqVeWBycJRxyEyNSU7Hr91WZjKM5yOUkkBMF+x+L9Lum7Q7wu1yltv7TNVJEsi5FLStyUSI2ekaw0cnlhmwqSNI/cnNW7bxouPFvd89yraloqOSdGko6VD5ccPLIpjXBHKMRDp7EnPwdSTidu2usVluGz6SXyeWtqaWZQBiQRQvJJnvlWlYsvX+EHvk6RDJ3Rt632ybnw529Lj4q81Kl0aLU6tukkmkhaGxE7uMgDeI7XvZ9jyJF+5SxDvOw3653C73StYvbrtbbRPW1DdXZHWrlwTg45qyUnPUszHpk6jvdfG3n30KG11b1FvqrKGpoZosIIqeqZ43OPxHzEmxjphAPXQPf9389yv22pFCD9uVdeXB6v5hCqT74WFR9ANKt2Ud/juexaqC3ciDbsUVLLIiupj+8ywySY+dRIwxn8Lcx+S+n6aBUvmkySLAegHvXW9Mum1ui1HpNGAwNkc95/wB3WveB5cTrnvsNrLXFdomrdwWK5XOpauhpIKv7rVuObmeNxOQe5/fKDk9csynooOo83Ltyp2xBY970dxXyamBJ3dHHPDMrlZEI9GV0/PPTscI987nudVumXc9FdvJaKkoUnD9eZKi3QvL1Gf4y4x/xZ99b6y6JuCNvPmEVJVRDzo0yYiwyY25fQjJHv8RJyWYnq4oQ047gPn/K+fK/XJqqiayUlz+ske4k7l4jbnn+y/qlm490Lugy3S30awCStM0tPTjCAuQc4+TF/wAm0opb5NF5dpqAxp3jYEM4CqpBzknsB66H9q081Esgfl/dlg4c/CUPTmJ+R6/XGklyvk1bI9JEDHEr82R0J+v+mmThqozNI9xc7fdLeNIrd+8PKG7W2U/tbZTvNRlV5TNSM4eZVXuvLJ/4gL6+bWOccuCJ7b31Zt6U89RfqlVESozWzPL5hLZJyenIDnt1yR2zo3sFxUTRV4EYYEBw6hlYjP4gehByQc91Zh66hDipsv8A2J3QY7crpQVime3EvkohJBjLepRgVz05gA2AGGtDuSlRvx9+6ed1bmoKqokuFzhWOMSMEpKZgGlIxhOh+BB749gPcBF0u1TdqxquoVFyfhjjXCoO2APpgflpMWLHmJJPudfD6akBZKF5ciHiHuy47rvNPVVlXJKIrdSovmMTyt93jDDr6cwOibYaCn4Q7xrOUJJ96tyBGwCBy1Wf58o1HrYz+E4wOhPy1MW+7XU2jZt9lrdzpdrleLtSyXyrQEha8U3nVMRJVfjjlqXjYrlS0ZKsykEjIa0BqapQ4vdJbAB+IITLwjgBuNNIW6RxuT8un/Mamdoo1pI4JYTkqBGCxyD2wf8ATUR8LKVPvxmiA5YwRn3yw/yGpgqGjloIqiduZgACo/i7+v0x11jslEjFlW3i3OKjfFYyhseacc3fGdadpZjpXlZc8zHB/TWviPUfed5V8nIF/fH4RpTtlV/Y7NzAZcnJ746dtEaLBKG5lKnnwwyrDar7KUBzYqjkXyuZublPKfl9fnp3qJpjsAAIegJIKeuTn6fC2frpt8NNOU27fJ5HfC2qfPIPTy2xk+x65+S6cxVxybDEVS/KFR2RD/EOUAn9MfpqirRef3L03oqbac4nud9FWniHUefeyCSSoK5JznBOh/TvvCQPfJ3P/wCtJx7d9NGrqH+0F5xXEuq3nxWanLhkYRwysqxU6GZBM3OZMMp89yDj9ev/AA/PUG6nDh8gfhtbSF/DA6swHUDnZsDHX1zn0wdRmy0KFP7R8lskeGmuyzmBQynmJdzgt1Hp7ZHTTduqTzZZE5lChAyYOc5GdOlxVn5EUf7shJGKjsOvX29tNm9xDG0UkzEZi5crjA7D8++f10CyeBwk/Bp4a+svNnnAMn3YVVOp7h4m5sjP/DzflnUcb2YNu+7FT0/alR2H/wCUbR3wZaOPiNTVHOVBl8t2UdCsnwHP5NqPNwtzX6ub3rJTkH/iOmI9krVXLRdO/Cp2XedJyfiL9CffpjU0XG4yW99/ozsqxmGcKPTMUOCPyb+eoT4ZS+Tu6llxnlfUz7ziRKreZLcpqaCibGe+aan/AMxrTgONEpx2BdQxvRHFxLc3MCoKn00gtEkhrIwp684xn66crzyVtrSp5BzAcrEeuP8AppqtknlVaHH8XUZ1l+ytPYGzDuKlnjXJUV3B3at0CYShulRGzfOWKM/n/uTqavBhcYm3DTIsvMJ7fIvL7MFz/RT+mob3xMK7w3xweUc099pJmIPRV8qdP6uNHvgyvBiv1mlkdU55WhYgdw6Moz+Z1BwsxHZcS28laC4wxtVNzoDjoOvz1mvl1kmFYfJIxgd8azQeynlSehtkdXyRyoTz9DjsNLo7RFapFpoSxGfiPsTrbbGEUQKgMEPU+/Xvp5is4rY1mZsHJz076VJXQQxNdkbp02KWo6KRXQfvDyjm7475GjC33SnpYE+9RNgKCzjHcYydBlNUGlemiYFjED5mNKb/ALihSiVXlJMjfF6YA6/5D9dKSNu5dVp9SIYrdwT9U7jhr6iWBkdfiUg564Pv/LSS61lTQsDSVAEYAPKcEjr/AM9BlNUy1FyUoHbmOThTjORrfuKN6OoWb7yTKpDHPpqHUjitdM/1BzoySMo3tm8beymiRS3nkLICOqsPUe419qpKh6eWqgp5REqEOCMgHGR1/I/poB29uCGqrwFUlgwXmz3JOpPkrYINtpFULzRupbOex6df5n9TrfBwOFkSGpNawlx2CarU8VfblWZs4ixIpOPXodCloenqbpPQ0EQSFpCyuegfqc4/PTlXbloaaSW200gRz1Ck9T64zpnrC1otLXPnBnxiOInGB8/y0RrSCk5p4yW/7d14v1gpauTDRHkBKgA9c5/66aa/aVqipHlw2VAyRIR7emvUW7zLT4jjYzkklWPQ419FfUVFG4qowPM6ooPto7A4HKppzTTEuAvdMc1qltjedFKWjLYw38Pp11rWCjMpjlc9D8DKc6cpp/vUMkDJgGPB+WmI0NwoqlouU5U9Djvnro4N1z0zWxu7IwtkcbUdw8xs8oBbHz9NPdrr6lgJrfBz4PxEDPLk6Z8VFTGDKnK4XGffThtG4C31SsykhT+8XGpH2bpaJwbL4I5t8zxTRCogZedcuD7+2l6VKxTl3Yg5AH00yR181W3my1BJ5iWJHz0o+/xyoqufjX1I76DyVkHW2T9HKKytEbABT0HXX1aCnes5SxUJ1XPXrpqtFyiSuRZQQQ4xnr66cLvdI3kSlpIwjs2XcDv8tZhFDxa5Xy7NDUzJEjkmI+p057co4aZZK+dOYlSEXHbpoXWqLVvOswPO3UnTzaLu8NUtISQpcK3N6jUyLDCCHBz8p3qYmjoXr+ZgWcYz6+/+evCTB35SxCqmSfQddb7tX0ctuWCHJZXwV75021FSCzU6R9Q2JMn21MDiKhJZpRPFXCneCVpBkKucfLT7Pe4i8c0LgsR0x1B1GdTd6iJxG04wh6DPfT3b71TR0USvIFYDsT2GphlyodeCbAKQobnHPEYml7qDnHQHrnVXuIfF7fHFKKHY90qGp7fty2lKpFXpEkZJdyDjMjO3LjuWKj3OrDUckK0oeNiS2MkHtqK+NfBNK39pcQrVeo6ajURVdbakp8Gon5lSSRnJ/wAJLBcfiZv8WhOhjc4OduNr8lbaZq+pUcM1HTPIbOGte0fvAOGk47NzkDcY3Qxwm3RaNob0luE8AipaSGklFIZSVlmhdD5bO3YMecFsfxHAAPSSuKdluG3r5f6qeKQxUVTJFAJG65noXaPOfVl+P6HOq3LuAPODUVB55JG+8OBlgrqVZse4DZHz+mrE7H4o3ziLR3kX651E95qLVTSoFZeR3oITFLzDrkmlRiWBH8XTrqDqdoJfbJt8EaPWnTRMp2GzRc+N3OabHy4RYcrnvQ1JcDHvC2XhWJNbRUEkjOOjkRxCRR6MpYOfo+O41MVziRdlWzcVKVaTZm7Z6d4T1zbqmYfEoz2imIKn/FICO2q37lvt72xuqitl4lYx2oGnhXlx5SFQxUe4DhyPflPtqVtq732lfmrtt7gvUEVjvsoCPOeV46toUMPm46+SJER+XsxiY4xy5nFDZK6jq/HI0nJab2O173Nx4lQVv240lTui20FtkMYnt8SuMHJlSFYkB98cin5c7DSSx1l1h5KyOo/8IsgEiscgE5x09fX9DrRxkt81r3oktCXiliq+dQRgxuWAYYHQYlWToO2ksF5pq+gjFut7+ZI2X8t2JDdyoX6nVi0ABcPK7rJTbFyT70ZvvSFKUUz0SFB0DxkqSPmOo/P560QXagnqlJhkQdcHAbr88aGoKmlYGCqroGlLf7tZlBH164zpxhEkPK8XMCGwVYdcf01snCiL3CKxSBYxNR1sbI3UqGww/I6beIW3492bYax1UZSqiLTUc0idRKAAQT7FRykdhiM+mvKLUBwzxMoUjHMpw2lypdU8pqGJ5cDKLgsue+GU9D/z1gssks4Z5qAJqeenlaGeIo6MVdWGCCD1B141MPGXhLfbjbJ9+wbeW3zUVMJLlSiBoxJHzhRIowOo5lB6/EBzdwdQ9rGua4XCXqKeWmk4JGkHxBHzSiqnWpqmeMYHRUA9gAo/kBqSJYjQcBUjYkt/tPVNz/4/3NOpJ+fTUeUlquE1OLhT0UjwQ/HNKqEqi86Jkn0HM6D6sPfUh37mp+BtkSWQE1t3qJsEdMF1XHz/AN3+h1F/JTpvZefD6hO/BqkRUlkm5gvID07Hr/Z/LUn3nloKCWSUFfhCs6jqvQgr19PfUe8IOeKznAxG8gUsB2GD0/p+mpB3pULDt+ZmXChmZyTjHodRduAmoGh1z3KsG9pVn3RXTID8VQx6/XTlt0D9kxgdPhdu2cjm0zbkcvfarBB/fN1B/XT3Z8m3U0can8Geg6/TReSQGXlT94fUcbIu5bnULRSueXp0MZUn5nBx8u+NIaytSHYgTkYSRhxMpPYDJUL68vXrp44IyNT7Bujkczi01DDI6gCI5/XBA+f00O7ilNNtKpWOU8oiVg6jGSRjlz9RqmnYXT+5ehaFOyHSzc8nfIKv+5pWmu88jMSTIT1Pz036WXk81dIcdSf89I9XLRZgXn1QbzuPis1OHDySBNi28vKEIgUAc2OcknIx+ec/PUH6m3h0U/2Ho0khGRTArIM5TII/y/lqEnJTprcZulc0brTSNGpaR1YAc2AxY9CPy6aZd3qkm3zKWMjQz4wPfGf9NP09QQBL5rMwQglmOT1wD/ftpov4hhtU9O/M3LGZeTHUnGMk/njS5FynRayG+HNWaLfUNShIAmBIHp1GP8tBu6IRT7muMA7JXTKPycjRDtSp+7bojKxnlckAA+vcfzA0y78Od73hgvKDdKgge2ZW0xHzS1XkBbuHsoi3TSFiBmXHUZ6am7eDo094YJ/8TYaBySeh5Qif/aNQRs/mG4aUqcEzAdtTfvDzTQNJ3MligB5fbznAH5Ea072lOmuY1D55DLV23kPZmTr6566Z4W5KhWI7HPXTnepmt95NQjEgk5+edN9yiNPWsqr0z8Jx0I1jWi63M7Y9yl+mCXjw5X52i55aeOBw3NnlxVRdf/aSNEPhRuH3C8WedB0FanNzHoAG0McKo2vHCbcVtSQsf2PVMY1GSxSJnUfqo1s8PNylhWnYzAGCuRunoObQz7CI0kyBx52V267mepYO34TjodZrTda8R1h8mEMrAMD9dZoVgneIKoNtPLQOceuP6aKLVM5po1JzjPU6zWaReupoPaWm4zyRSMVP4gM/y0O3q5VTV3IzAjlHQjtrNZqP7k8SQSijZDc1QrMoPIoZQe2db9wrHX3djPCnUHPKuM6zWaAfbXQQtaaIY5pg29QU9MHmjB5jKT1PsSdHr1c1TtmN5G7MFwO2MHWazRHbhKUWI327kAVkpkuTzuoLGQjJHbX1i88LwzSMwIwcnWazR3clQ3NyklvtNIJ3wG7Ejr21quNXPFEqRPygDIAGs1mtt5KL8R47kgaWR6Q5b8ajJGtqO1VPDJKcl4Pix6keus1miNVXJndJ6kmOvdFPRc4/XWul+GtLD1XqP01ms0X9iRP9xFiytHEiJ05z1OsqaiRJA6nBAGs1mgHdOlOlpCmnirOQeY8mCdO94o4qWjWeFmDkZ5s9vTWazWuaLH7CHwTBMCh7deul9HUStdKY82MzLnGs1mickEe2n2eRogGU9pOx9de6amjqpZJZSctIebB1ms1Ni3Imy+wJTyc0RIII65+utlk5pmHmOTgjAPy1ms0RI80fWVmYKjHIABGmzjBI0HCTcckfQikXHT/8sms1mhnZN0hIqWEb3CqRBGI6Spq1Y87VqxHr05QOb+uP00d7A3bdts10F7tvlebQVME0ayJlJMHkKOM/EjqvKy/xAkeus1mjD+0Eq3Bbbu+qdvEXcmreI17SmpY6OCjNLHT0tMzlF5EBBJdmYnMshJJ/iPp00DSySSwPzyH/AHfKcH0ByB+o1ms1ONIVZJct26rxUXrYtPW3CGJ6mKumj+9cp8yRSkQAY564xkexJPcnQ7dlNkpaaG3uyNV0vmTy5+I5ZlIHsMD06/PWazRDskBsmZwsdKQqjp26a1Ul1ulFKfulxniA6AJKQNZrNYovJDwl1BuncsdO8ov9YSCTg1DYyPz0b8G+I+/LjU1tDVbsrDEtGxRVkC8rEMeYEDORjprNZrXNba5zQwgpkk3huee711XW32qqnmVaec1U7SGSPkCkMWJJz3+ugupiWkqJEiPRXIHN16DGs1mtRgA2HgoSudIA55uTe5O6J9uXSev2vdbPJFGkMFtklURLgsxnibB9xlR0+WiPeszScItjUjKOQJUt0HUk11UCT+QH6azWak/2giU/9t3/AG//ANBF3C2BF28oXIzL/wDaNE/El3m2VLI7HJlKkZ6EdP8ATWazWne2EzB/bd5fwqx3s5u9S2MZkY4/PT/aF5YISCfhiXH6DWazROSrW7lWM4QUw/2OuEPmvyRWKrlCdMM3ksOvT05joP3Fz1WzmSWQ4aFg2OmcYGs1mq8f3z6Lo6ZxFDg/6vk1QDdWLVshPv8A56TazWasiuZfl5X1PxDU18O5JRs6JFlYBaRAMH0KE/11ms0Gb2QjQc0uKeZWfdmY8pVxgegwRgaZN3TSKywK2A1OA3ucjOs1mgD2k8NkH2Fgm46ZwgyJPbvpk3w5k3ndnIAzcp+g9P3jazWaYjS9X7IXrZoU7hpOZQR5nY6mPfHMu3qecSNzGm8snP8ACJXYfzOs1mov9tTp/wC19+CiDdC/+KbJzgf56T3Qc9HTTsTzNEAfy1ms1sclGTd3opV8OE7m1XSkODHLQ1SuCPTyGGmngXPIKqWDPwkqfnnI/wBdZrNDdzUwTw/fgryw/HQ0kzD4pKOJm+pUazWazQlYgCy//9k=', '0645307126', NULL, NULL, '2025-10-01 21:45:26', '2025-10-01 21:45:26');

-- --------------------------------------------------------

--
-- Structure de la table `user_carts`
--

CREATE TABLE `user_carts` (
  `user_id` int(11) NOT NULL,
  `cart_id` int(11) NOT NULL
) ENGINE=InnoDB DEFAULT CHARSET=utf8mb4 COLLATE=utf8mb4_general_ci;

--
-- Déchargement des données de la table `user_carts`
--

INSERT INTO `user_carts` (`user_id`, `cart_id`) VALUES
(1, 1),
(2, 2);

-- --------------------------------------------------------

--
-- Structure de la table `user_cart_histories`
--

CREATE TABLE `user_cart_histories` (
  `user_id` int(11) NOT NULL,
  `cart_history_id` int(11) NOT NULL
) ENGINE=InnoDB DEFAULT CHARSET=utf8mb4 COLLATE=utf8mb4_general_ci;

-- --------------------------------------------------------

--
-- Structure de la table `user_status`
--

CREATE TABLE `user_status` (
  `user_id` int(11) NOT NULL,
  `status_state` int(11) NOT NULL
) ENGINE=InnoDB DEFAULT CHARSET=utf8mb4 COLLATE=utf8mb4_general_ci;

--
-- Déchargement des données de la table `user_status`
--

INSERT INTO `user_status` (`user_id`, `status_state`) VALUES
(1, 2),
(2, 1);

--
-- Index pour les tables déchargées
--

--
-- Index pour la table `authors`
--
ALTER TABLE `authors`
  ADD PRIMARY KEY (`id`);

--
-- Index pour la table `books`
--
ALTER TABLE `books`
  ADD PRIMARY KEY (`id`);

--
-- Index pour la table `book_authors`
--
ALTER TABLE `book_authors`
  ADD PRIMARY KEY (`book_id`,`author_id`),
  ADD KEY `IDX_1D2C02C716A2B381` (`book_id`),
  ADD KEY `IDX_1D2C02C7F675F31B` (`author_id`);

--
-- Index pour la table `book_categories`
--
ALTER TABLE `book_categories`
  ADD PRIMARY KEY (`book_id`,`category_id`),
  ADD KEY `IDX_A55E0CDB16A2B381` (`book_id`),
  ADD KEY `IDX_A55E0CDB12469DE2` (`category_id`);

--
-- Index pour la table `carts`
--
ALTER TABLE `carts`
  ADD PRIMARY KEY (`cart_id`);

--
-- Index pour la table `cart_histories`
--
ALTER TABLE `cart_histories`
  ADD PRIMARY KEY (`cart_history_id`);

--
-- Index pour la table `cart_history_carts`
--
ALTER TABLE `cart_history_carts`
  ADD PRIMARY KEY (`cart_history_id`,`cart_id`),
  ADD KEY `IDX_23A014A57E6FF4A0` (`cart_history_id`),
  ADD KEY `IDX_23A014A51AD5CDBF` (`cart_id`);

--
-- Index pour la table `cart_items`
--
ALTER TABLE `cart_items`
  ADD PRIMARY KEY (`cart_id`,`book_id`),
  ADD KEY `IDX_BEF484451AD5CDBF` (`cart_id`),
  ADD KEY `IDX_BEF4844516A2B381` (`book_id`);

--
-- Index pour la table `cart_item_quantities`
--
ALTER TABLE `cart_item_quantities`
  ADD PRIMARY KEY (`id`),
  ADD KEY `IDX_35761BC61AD5CDBF` (`cart_id`),
  ADD KEY `IDX_35761BC616A2B381` (`book_id`);

--
-- Index pour la table `categories`
--
ALTER TABLE `categories`
  ADD PRIMARY KEY (`id`);

--
-- Index pour la table `status`
--
ALTER TABLE `status`
  ADD PRIMARY KEY (`status_id`),
  ADD UNIQUE KEY `UNIQ_7B00651C6625D392` (`status_name`),
  ADD UNIQUE KEY `UNIQ_7B00651C54C9830B` (`status_state`);

--
-- Index pour la table `users`
--
ALTER TABLE `users`
  ADD PRIMARY KEY (`id`),
  ADD UNIQUE KEY `UNIQ_1483A5E986CC499D` (`pseudo`);

--
-- Index pour la table `user_carts`
--
ALTER TABLE `user_carts`
  ADD PRIMARY KEY (`user_id`,`cart_id`),
  ADD KEY `IDX_ACC2B1F4A76ED395` (`user_id`),
  ADD KEY `IDX_ACC2B1F41AD5CDBF` (`cart_id`);

--
-- Index pour la table `user_cart_histories`
--
ALTER TABLE `user_cart_histories`
  ADD PRIMARY KEY (`user_id`,`cart_history_id`),
  ADD KEY `IDX_7E8A3665A76ED395` (`user_id`),
  ADD KEY `IDX_7E8A36657E6FF4A0` (`cart_history_id`);

--
-- Index pour la table `user_status`
--
ALTER TABLE `user_status`
  ADD PRIMARY KEY (`user_id`,`status_state`),
  ADD KEY `IDX_1E527E21A76ED395` (`user_id`),
  ADD KEY `IDX_1E527E2154C9830B` (`status_state`);

--
-- AUTO_INCREMENT pour les tables déchargées
--

--
-- AUTO_INCREMENT pour la table `authors`
--
ALTER TABLE `authors`
  MODIFY `id` int(11) NOT NULL AUTO_INCREMENT, AUTO_INCREMENT=9;

--
-- AUTO_INCREMENT pour la table `books`
--
ALTER TABLE `books`
  MODIFY `id` int(11) NOT NULL AUTO_INCREMENT, AUTO_INCREMENT=14;

--
-- AUTO_INCREMENT pour la table `carts`
--
ALTER TABLE `carts`
  MODIFY `cart_id` int(11) NOT NULL AUTO_INCREMENT, AUTO_INCREMENT=3;

--
-- AUTO_INCREMENT pour la table `cart_histories`
--
ALTER TABLE `cart_histories`
  MODIFY `cart_history_id` int(11) NOT NULL AUTO_INCREMENT;

--
-- AUTO_INCREMENT pour la table `cart_item_quantities`
--
ALTER TABLE `cart_item_quantities`
  MODIFY `id` int(11) NOT NULL AUTO_INCREMENT, AUTO_INCREMENT=8;

--
-- AUTO_INCREMENT pour la table `categories`
--
ALTER TABLE `categories`
  MODIFY `id` int(11) NOT NULL AUTO_INCREMENT, AUTO_INCREMENT=12;

--
-- AUTO_INCREMENT pour la table `status`
--
ALTER TABLE `status`
  MODIFY `status_id` int(11) NOT NULL AUTO_INCREMENT, AUTO_INCREMENT=4;

--
-- AUTO_INCREMENT pour la table `users`
--
ALTER TABLE `users`
  MODIFY `id` int(11) NOT NULL AUTO_INCREMENT, AUTO_INCREMENT=3;

--
-- Contraintes pour les tables déchargées
--

--
-- Contraintes pour la table `book_authors`
--
ALTER TABLE `book_authors`
  ADD CONSTRAINT `FK_1D2C02C716A2B381` FOREIGN KEY (`book_id`) REFERENCES `books` (`id`),
  ADD CONSTRAINT `FK_1D2C02C7F675F31B` FOREIGN KEY (`author_id`) REFERENCES `authors` (`id`);

--
-- Contraintes pour la table `book_categories`
--
ALTER TABLE `book_categories`
  ADD CONSTRAINT `FK_A55E0CDB12469DE2` FOREIGN KEY (`category_id`) REFERENCES `categories` (`id`),
  ADD CONSTRAINT `FK_A55E0CDB16A2B381` FOREIGN KEY (`book_id`) REFERENCES `books` (`id`);

--
-- Contraintes pour la table `cart_history_carts`
--
ALTER TABLE `cart_history_carts`
  ADD CONSTRAINT `FK_23A014A51AD5CDBF` FOREIGN KEY (`cart_id`) REFERENCES `carts` (`cart_id`),
  ADD CONSTRAINT `FK_23A014A57E6FF4A0` FOREIGN KEY (`cart_history_id`) REFERENCES `cart_histories` (`cart_history_id`);

--
-- Contraintes pour la table `cart_items`
--
ALTER TABLE `cart_items`
  ADD CONSTRAINT `FK_BEF4844516A2B381` FOREIGN KEY (`book_id`) REFERENCES `books` (`id`),
  ADD CONSTRAINT `FK_BEF484451AD5CDBF` FOREIGN KEY (`cart_id`) REFERENCES `carts` (`cart_id`);

--
-- Contraintes pour la table `cart_item_quantities`
--
ALTER TABLE `cart_item_quantities`
  ADD CONSTRAINT `FK_35761BC616A2B381` FOREIGN KEY (`book_id`) REFERENCES `books` (`id`),
  ADD CONSTRAINT `FK_35761BC61AD5CDBF` FOREIGN KEY (`cart_id`) REFERENCES `carts` (`cart_id`);

--
-- Contraintes pour la table `user_carts`
--
ALTER TABLE `user_carts`
  ADD CONSTRAINT `FK_ACC2B1F41AD5CDBF` FOREIGN KEY (`cart_id`) REFERENCES `carts` (`cart_id`),
  ADD CONSTRAINT `FK_ACC2B1F4A76ED395` FOREIGN KEY (`user_id`) REFERENCES `users` (`id`);

--
-- Contraintes pour la table `user_cart_histories`
--
ALTER TABLE `user_cart_histories`
  ADD CONSTRAINT `FK_7E8A36657E6FF4A0` FOREIGN KEY (`cart_history_id`) REFERENCES `cart_histories` (`cart_history_id`),
  ADD CONSTRAINT `FK_7E8A3665A76ED395` FOREIGN KEY (`user_id`) REFERENCES `users` (`id`);

--
-- Contraintes pour la table `user_status`
--
ALTER TABLE `user_status`
  ADD CONSTRAINT `FK_1E527E2154C9830B` FOREIGN KEY (`status_state`) REFERENCES `status` (`status_state`),
  ADD CONSTRAINT `FK_1E527E21A76ED395` FOREIGN KEY (`user_id`) REFERENCES `users` (`id`);
COMMIT;

/*!40101 SET CHARACTER_SET_CLIENT=@OLD_CHARACTER_SET_CLIENT */;
/*!40101 SET CHARACTER_SET_RESULTS=@OLD_CHARACTER_SET_RESULTS */;
/*!40101 SET COLLATION_CONNECTION=@OLD_COLLATION_CONNECTION */;
